Rank,Ticker,Minervini,Sector,Industry,Exchange,Relative Strength,Percentile,1 Month Ago,3 Months Ago,6 Months Ago,RMV,Close,ATR% (14),PTC,Contraction,Confirmed Breakout,Not Extended,Flip Setup,SPY Trend OK,Source,CANSLIM,DaysToEarnings,is_restricted,rs_1m_pct,Candidate High-Win,Candidate Flip
1,QMMM,6,unknown,unknown,NASDAQ,45.48114239500762,100,63.170203315175804,100,100,0.0,119.4000015258789,0.0,4,False,False,True,False,True,AI Scanner,"{'c': False, 'a': False, 'n': False, 's': False, 'l': True, 'i': True, 'm': True}",-1,False,100,False,False
2,AFJKU,8,unknown,unknown,NASDAQ,5.21417829359587,100,5.160804239767461,67,32,0.0,67.23999786376953,0.0,7,False,False,False,False,True,AI Scanner,"{'c': False, 'a': False, 'n': False, 's': False, 'l': True, 'i': True, 'm': True}",-1,False,100,False,False
3,RAPT,8,Healthcare,Biotechnology,NASDAQ,4.14672713557087,100,3.888068660377513,99,82,1.64,57.91999816894531,0.0023739585181767357,7,True,False,False,False,True,AI Scanner,"{'c': False, 'a': False, 'n': True, 's': False, 'l': True, 'i': True, 'm': True}",-1,True,100,False,False
4,FOLD,8,Healthcare,Biotechnology,NASDAQ,1.5666645841163025,92,1.631205686880887,81,22,1.76,14.34000015258789,0.0026399667629588264,7,False,False,True,False,True,AI Scanner,"{'c': False, 'a': False, 'n': True, 's': False, 'l': True, 'i': True, 'm': True}",-1,True,94,False,False
5,FRGE,8,unknown,unknown,NYSE,1.8837392434272577,96,2.7533822088710598,99,75,1.92,44.619998931884766,0.0028334454207540713,7,False,False,True,False,True,AI Scanner,"{'c': False, 'a': False, 'n': True, 's': True, 'l': True, 'i': True, 'm': True}",-1,False,99,False,False
6,NAMSW,8,unknown,unknown,NASDAQ,1.7515182601977697,95,1.4059153784352616,99,92,1.98,25.969999313354492,0.02414874558223306,7,True,False,False,False,True,AI Scanner,"{'c': False, 'a': False, 'n': False, 's': False, 'l': True, 'i': True, 'm': True}",-1,False,89,False,False
7,RNA,8,Healthcare,Biotechnology,NASDAQ,1.4838943983295665,90,1.7872024266483133,97,88,2.13,72.86000061035156,0.0030488856569448356,7,False,False,True,False,True,AI Scanner,"{'c': False, 'a': False, 'n': True, 's': True, 'l': True, 'i': True, 'm': True}",-1,True,95,False,False
8,EXAS,8,Healthcare,Diagnostics & Research,NASDAQ,1.5365950509761772,92,1.6962393176857051,98,9,2.22,103.43000030517578,0.003301074331415835,7,False,False,True,False,True,AI Scanner,"{'c': False, 'a': False, 'n': True, 's': True, 'l': True, 'i': True, 'm': True}",-1,False,94,False,False
9,DBRG,8,Real Estate,REIT—Diversified,NYSE,1.3525268246836009,86,1.2767531317550302,10,22,2.81,15.399999618530273,0.004035232339574592,7,False,False,True,False,True,AI Scanner,"{'c': False, 'a': False, 'n': True, 's': True, 'l': True, 'i': True, 'm': True}",-1,False,84,False,False
10,PKST,8,unknown,unknown,NYSE,1.5581026220346974,92,1.0256298724188013,70,44,5.39,20.829999923706055,0.022944252349877462,7,True,False,False,False,True,AI Scanner,"{'c': False, 'a': False, 'n': True, 's': False, 'l': True, 'i': True, 'm': True}",-1,False,54,False,False
11,AAUC,8,unknown,unknown,NYSE,2.142371574668178,98,2.2444620866426686,92,91,9.36,31.329999923706055,0.013417077050440445,7,True,False,False,False,True,AI Scanner,"{'c': False, 'a': False, 'n': True, 's': False, 'l': True, 'i': True, 'm': True}",-1,False,98,False,False
12,BTSGU,8,unknown,unknown,NASDAQ,1.3951045508539546,87,1.4950156877821459,92,77,9.49,135.36000061035156,0.026996785383229322,7,False,False,True,False,True,AI Scanner,"{'c': False, 'a': False, 'n': True, 's': False, 'l': True, 'i': True, 'm': True}",-1,False,91,False,False
13,RILYG,8,unknown,unknown,NASDAQ,1.566210920477598,92,1.52410845704155,87,97,9.64,22.950000762939453,0.013373808144598038,7,False,False,False,False,True,AI Scanner,"{'c': False, 'a': False, 'n': True, 's': False, 'l': True, 'i': True, 'm': True}",-1,False,92,False,False
14,VOD,8,Communication Services,Telecom Services,NASDAQ,1.3686127339680227,86,1.2405261776668235,79,82,11.18,15.649999618530273,0.025376551631632764,7,False,False,False,False,True,AI Scanner,"{'c': False, 'a': False, 'n': True, 's': False, 'l': True, 'i': True, 'm': True}",-1,False,81,False,False
15,EMF,8,Financial Services,Asset Management,NYSE,1.353119933930966,86,1.294451978572089,81,77,11.36,20.739999771118164,0.01711669370057708,7,False,False,False,False,True,AI Scanner,"{'c': False, 'a': False, 'n': True, 's': True, 'l': True, 'i': True, 'm': True}",-1,False,85,False,False
16,WBD,8,Communication Services,Entertainment,NASDAQ,1.9262391463864723,96,1.9342452812452504,98,76,11.57,28.75,0.018409946986607143,6,False,False,True,False,True,AI Scanner,"{'c': False, 'a': False, 'n': True, 's': False, 'l': True, 'i': True, 'm': True}",-1,False,97,False,False
17,GSK,8,Healthcare,Drug Manufacturers—General,NYSE,1.3355842714818489,85,1.1391966605911468,84,35,11.61,59.52000045776367,0.023705442673723248,7,False,False,False,False,True,AI Scanner,"{'c': False, 'a': False, 'n': True, 's': True, 'l': True, 'i': True, 'm': True}",-1,False,72,False,False
18,IX,8,Financial Services,Credit Services,NYSE,1.3791003825755768,87,1.1749612762478634,72,75,11.85,35.34000015258789,0.027346593556930393,7,False,False,False,False,True,AI Scanner,"{'c': False, 'a': False, 'n': True, 's': True, 'l': True, 'i': True, 'm': True}",-1,False,76,False,False
19,SLAB,8,Technology,Semiconductors,NASDAQ,1.4430679613552817,89,1.0791605219862752,28,62,12.05,204.63999938964844,0.03871258376832674,7,True,False,False,False,True,AI Scanner,"{'c': False, 'a': False, 'n': True, 's': False, 'l': True, 'i': True, 'm': True}",-1,False,64,False,False
20,NVRI,8,unknown,unknown,NYSE,1.7507155580367049,95,1.7743540814474068,97,87,13.86,19.15999984741211,0.02035490280329339,7,True,False,True,False,True,AI Scanner,"{'c': False, 'a': False, 'n': True, 's': False, 'l': True, 'i': True, 'm': True}",-1,False,95,False,False
21,TPH,8,Consumer Cyclical,Residential Construction,NYSE,1.3385217292838005,85,0.9455898077182535,29,32,15.43,46.310001373291016,0.03504334230027027,7,False,False,False,False,True,AI Scanner,"{'c': False, 'a': False, 'n': True, 's': True, 'l': True, 'i': True, 'm': True}",-1,False,36,False,False
22,GLDD,8,Industrials,Engineering & Construction,NASDAQ,1.4180650499200416,88,1.3053035420299142,63,63,16.35,16.889999389648438,0.025754882089939226,7,True,False,False,False,True,AI Scanner,"{'c': False, 'a': False, 'n': True, 's': False, 'l': True, 'i': True, 'm': True}",-1,False,85,False,False
23,ATLO,8,Financial Services,Banks—Regional,NASDAQ,1.332802805276332,85,1.1842452122269085,75,63,16.41,27.850000381469727,0.02341625810646394,7,True,False,False,False,True,AI Scanner,"{'c': False, 'a': False, 'n': True, 's': False, 'l': True, 'i': True, 'm': True}",-1,False,77,False,False
24,PLOW,8,Consumer Cyclical,Auto Parts,NYSE,1.3650120149113216,86,1.2302077852370776,65,82,16.79,42.790000915527344,0.023703803390509683,7,False,False,False,False,True,AI Scanner,"{'c': False, 'a': False, 'n': True, 's': False, 'l': True, 'i': True, 'm': True}",-1,False,80,False,False
25,RIO,8,Basic Materials,Other Industrial Metals & Mining,NYSE,1.3759063624693129,87,1.2329677622645336,74,49,16.91,97.08999633789062,0.032826682753995653,7,False,False,False,False,True,AI Scanner,"{'c': False, 'a': False, 'n': True, 's': False, 'l': True, 'i': True, 'm': True}",-1,False,81,False,False
26,SHG,8,Financial Services,Banks—Regional,NYSE,1.487020432496251,90,1.1829894133833894,86,78,17.22,71.72000122070312,0.030893956402366394,7,False,False,False,False,True,AI Scanner,"{'c': False, 'a': False, 'n': True, 's': False, 'l': True, 'i': True, 'm': True}",-1,False,76,False,False
27,KEN,8,Utilities,Utilities—Regulated Electric,NYSE,1.7641289711583228,95,1.621650520569434,95,95,18.02,80.87000274658203,0.032693556239393406,7,False,False,False,False,True,AI Scanner,"{'c': False, 'a': False, 'n': True, 's': True, 'l': True, 'i': True, 'm': True}",-1,False,94,False,False
28,FDX,8,Industrials,Integrated Freight & Logistics,NYSE,1.4548473458009439,89,1.1797720758221255,70,15,18.75,388.4800109863281,0.027340976635866477,7,False,False,False,False,True,AI Scanner,"{'c': False, 'a': False, 'n': True, 's': False, 'l': True, 'i': True, 'm': True}",-1,False,76,False,False
29,MYE,8,Consumer Cyclical,Packaging & Containers,NYSE,1.4390792478217416,89,1.3544165550394387,87,88,18.78,22.579999923706055,0.029355924952407696,7,False,False,False,False,True,AI Scanner,"{'c': False, 'a': False, 'n': True, 's': False, 'l': True, 'i': True, 'm': True}",-1,False,87,False,False
30,KB,8,Financial Services,Banks—Regional,NYSE,1.4587643573928275,90,1.1464978442786078,78,74,18.82,117.66000366210938,0.03095481162801133,7,False,False,False,False,True,AI Scanner,"{'c': False, 'a': False, 'n': True, 's': False, 'l': True, 'i': True, 'm': True}",-1,False,73,False,False
31,BHP,8,Basic Materials,Other Industrial Metals & Mining,NYSE,1.3332834698783087,85,1.112084058845117,44,61,18.93,76.81999969482422,0.029465908187882306,7,False,False,False,False,True,AI Scanner,"{'c': False, 'a': False, 'n': True, 's': False, 'l': True, 'i': True, 'm': True}",-1,False,68,False,False
32,ELLO,7,Utilities,Utilities—Renewable,NYSE MKT,1.3403758667601116,85,1.36998755857562,81,75,19.0,25.600000381469727,0.04740513258355871,4,False,False,True,False,True,AI Scanner,"{'c': False, 'a': False, 'n': False, 's': False, 'l': True, 'i': True, 'm': True}",-1,False,87,False,False
33,KF,8,Financial Services,Asset Management,NYSE,1.8248888626831403,96,1.5489928617096784,91,81,19.6,51.939998626708984,0.029704592408588564,7,False,True,False,False,True,AI Scanner,"{'c': False, 'a': False, 'n': True, 's': True, 'l': True, 'i': True, 'm': True}",-1,False,92,False,False
34,AMRX,8,Healthcare,Drug Manufacturersâ€”Specialty & Generic,NASDAQ,1.4181738638238581,88,1.3781079947180443,90,73,19.65,14.5,0.029044329826467728,7,True,False,True,False,True,AI Scanner,"{'c': False, 'a': False, 'n': False, 's': False, 'l': True, 'i': True, 'm': True}",-1,False,88,False,False
35,BLFY,8,Financial Services,Banks—Regional,NASDAQ,1.5181085671145618,91,1.3401150151308863,11,20,20.16,14.369999885559082,0.029133115159118414,7,False,False,False,False,True,AI Scanner,"{'c': False, 'a': False, 'n': True, 's': False, 'l': True, 'i': True, 'm': True}",-1,False,87,False,False
36,CMBT,8,unknown,unknown,NYSE,1.3377940209674155,85,1.0623563161037566,60,6,20.44,13.979999542236328,0.031013687614485263,7,True,False,False,False,True,AI Scanner,"{'c': False, 'a': False, 'n': True, 's': True, 'l': True, 'i': True, 'm': True}",-1,False,60,False,False
37,KEP,8,Utilities,Utilities—Regulated Electric,NYSE,1.6769531078350104,94,1.7860768030335639,94,92,20.48,22.450000762939453,0.03213490308059794,7,True,False,False,False,True,AI Scanner,"{'c': False, 'a': False, 'n': True, 's': False, 'l': True, 'i': True, 'm': True}",-1,False,95,False,False
38,IONS,8,Healthcare,Biotechnology,NASDAQ,1.6444547346163914,93,1.668467256528204,98,71,20.67,83.1500015258789,0.031062593292301467,7,True,False,True,False,True,AI Scanner,"{'c': False, 'a': False, 'n': True, 's': True, 'l': True, 'i': True, 'm': True}",-1,True,94,False,False
39,VTRS,8,Healthcare,Drug Manufacturers—Specialty & Generic,NASDAQ,1.4607707210547465,90,1.2510080865398616,42,46,20.82,15.920000076293945,0.030464815245712765,7,False,False,False,False,True,AI Scanner,"{'c': False, 'a': False, 'n': True, 's': False, 'l': True, 'i': True, 'm': True}",-1,False,82,False,False
40,ULTA,8,Consumer Cyclical,Specialty Retail,NASDAQ,1.3756654713010408,87,1.311907928407084,79,84,20.87,682.8900146484375,0.03005294098044045,7,False,False,True,False,True,AI Scanner,"{'c': False, 'a': False, 'n': True, 's': False, 'l': True, 'i': True, 'm': True}",-1,False,85,False,False
41,DOO,8,unknown,unknown,NASDAQ,1.5088388171230322,91,1.4165566785113477,89,75,20.87,81.63999938964844,0.028793655314931742,7,True,False,True,False,True,AI Scanner,"{'c': False, 'a': False, 'n': True, 's': False, 'l': True, 'i': True, 'm': True}",-1,False,89,False,False
42,SAN,8,Financial Services,Banks—Diversified,NYSE,1.3658609061592817,86,1.4750723753010746,90,94,20.91,12.75,0.036470584174832045,7,False,False,True,False,True,AI Scanner,"{'c': False, 'a': False, 'n': True, 's': False, 'l': True, 'i': True, 'm': True}",-1,False,90,False,False
43,ELAN,8,Healthcare,Drug Manufacturers—Specialty & Generic,NYSE,1.4326080086411537,89,1.531330167798918,94,88,20.94,24.979999542236328,0.03213999764695611,7,False,False,True,False,True,AI Scanner,"{'c': False, 'a': False, 'n': True, 's': True, 'l': True, 'i': True, 'm': True}",-1,False,92,False,False
44,VALE,8,Basic Materials,Other Industrial Metals & Mining,NYSE,1.4504590274386904,89,1.413831440027591,83,61,21.05,16.709999084472656,0.035650169314908775,7,False,False,False,False,True,AI Scanner,"{'c': False, 'a': False, 'n': False, 's': False, 'l': True, 'i': True, 'm': True}",-1,False,89,False,False
45,INSW,8,Industrials,Marine Shipping,NYSE,1.4326205447259392,89,1.3085275028876886,89,75,21.3,67.47000122070312,0.029192881183308428,7,True,False,False,False,True,AI Scanner,"{'c': False, 'a': False, 'n': True, 's': True, 'l': True, 'i': True, 'm': True}",-1,False,85,False,False
46,HAL,8,Energy,Oil & Gas Equipment & Services,NYSE,1.3553576064333455,86,1.2477159474434276,67,18,21.32,35.11000061035156,0.03318143976981623,7,False,False,False,False,True,AI Scanner,"{'c': False, 'a': False, 'n': True, 's': False, 'l': True, 'i': True, 'm': True}",-1,True,82,False,False
47,FRO,8,Energy,Oil & Gas Midstream,NYSE,1.5447771888254571,92,1.1823216330732527,89,64,21.33,34.720001220703125,0.03129113465893431,7,False,False,False,False,True,AI Scanner,"{'c': False, 'a': False, 'n': True, 's': False, 'l': True, 'i': True, 'm': True}",-1,False,76,False,False
48,TWN,8,Financial Services,Asset Management,NYSE,1.3870001959976723,87,1.2622764239105058,84,86,21.39,61.79999923706055,0.03172677846880784,7,False,False,False,False,True,AI Scanner,"{'c': False, 'a': False, 'n': True, 's': True, 'l': True, 'i': True, 'm': True}",-1,False,82,False,False
49,WF,8,Financial Services,Banks—Regional,NYSE,1.6932992848005437,94,1.2181539386771543,85,91,21.41,84.47000122070312,0.033173217639840144,7,False,True,False,False,True,AI Scanner,"{'c': False, 'a': False, 'n': True, 's': True, 'l': True, 'i': True, 'm': True}",-1,False,79,False,False
50,DG,8,Consumer Defensive,Discount Stores,NYSE,1.4383297862299624,89,1.3909256929865963,68,79,21.54,150.63999938964844,0.03128082881931588,7,False,False,True,False,True,AI Scanner,"{'c': False, 'a': False, 'n': True, 's': False, 'l': True, 'i': True, 'm': True}",-1,False,88,False,False
51,EE,7,unknown,unknown,NYSE,1.4191898238972542,88,1.1932052940969229,40,17,21.85,42.150001525878906,0.03189290430133121,6,False,False,False,False,True,AI Scanner,"{'c': False, 'a': False, 'n': True, 's': False, 'l': True, 'i': True, 'm': True}",-1,False,78,False,False
52,MT,8,Basic Materials,Steel,NYSE,1.756215146766418,95,1.523567800462074,88,77,21.85,65.19999694824219,0.038870654058750405,7,False,False,False,False,True,AI Scanner,"{'c': False, 'a': False, 'n': True, 's': False, 'l': True, 'i': True, 'm': True}",-1,False,92,False,False
53,CIB,8,Financial Services,Banks—Regional,NYSE,1.494396893310769,91,1.6841842316078905,93,92,21.92,79.55999755859375,0.03038137411739744,7,True,False,False,False,True,AI Scanner,"{'c': False, 'a': False, 'n': False, 's': False, 'l': True, 'i': True, 'm': True}",-1,False,94,False,False
54,TEVA,8,Healthcare,Drug Manufacturers—Specialty & Generic,NYSE,1.569270522850932,92,1.5918199850855732,89,45,22.2,34.220001220703125,0.031038630202362083,7,False,False,True,False,True,AI Scanner,"{'c': False, 'a': False, 'n': False, 's': False, 'l': True, 'i': True, 'm': True}",-1,False,93,False,False
55,DHT,8,Energy,Oil & Gas Midstream,NYSE,1.3511421594705446,85,1.071292531075498,83,56,22.23,17.450000762939453,0.0294872903616428,7,False,True,False,False,True,AI Scanner,"{'c': False, 'a': False, 'n': True, 's': True, 'l': True, 'i': True, 'm': True}",-1,False,62,False,False
56,SFST,8,Financial Services,Banks—Regional,NASDAQ,1.3312835755601617,85,1.3240092212831258,81,79,22.26,60.720001220703125,0.031091186663766934,7,True,False,False,False,True,AI Scanner,"{'c': False, 'a': False, 'n': True, 's': False, 'l': True, 'i': True, 'm': True}",-1,False,86,False,False
57,MATX,8,Industrials,Marine Shipping,NYSE,1.3859605336997571,87,1.3882451666832454,20,6,22.27,167.75,0.03199304350177285,7,False,False,False,False,True,AI Scanner,"{'c': False, 'a': False, 'n': True, 's': False, 'l': True, 'i': True, 'm': True}",-1,False,88,False,False
58,MGA,8,Consumer Cyclical,Auto Parts,NYSE,1.4065232790600717,88,1.1770313554820708,76,74,22.29,64.91999816894531,0.03697957258265085,7,False,False,False,False,True,AI Scanner,"{'c': False, 'a': False, 'n': False, 's': True, 'l': True, 'i': True, 'm': True}",-1,False,76,False,False
59,WLFC,8,Industrials,Rental & Leasing Services,NASDAQ,1.3516005561071793,86,1.192319254503901,7,31,22.42,205.2100067138672,0.0329407945336932,7,True,False,False,False,True,AI Scanner,"{'c': False, 'a': False, 'n': True, 's': False, 'l': True, 'i': True, 'm': True}",-1,False,77,False,False
60,ECO,8,unknown,unknown,NYSE,1.592730783188679,92,1.2834887406956696,94,66,22.5,49.20000076293945,0.033604824063428976,7,False,False,False,False,True,AI Scanner,"{'c': False, 'a': False, 'n': True, 's': True, 'l': True, 'i': True, 'm': True}",-1,False,84,False,False
61,TIGO,8,Communication Services,Telecom Services,NASDAQ,1.564448273047407,92,1.5190345056091972,94,95,22.62,66.08000183105469,0.034374997629009356,7,False,False,False,False,True,AI Scanner,"{'c': False, 'a': False, 'n': True, 's': True, 'l': True, 'i': True, 'm': True}",-1,False,91,False,False
62,STRS,8,Real Estate,Real Estate—Diversified,NASDAQ,1.4215657091003198,88,1.2896691292250768,60,18,22.63,29.31999969482422,0.033424296380345914,7,True,False,False,False,True,AI Scanner,"{'c': False, 'a': False, 'n': False, 's': False, 'l': True, 'i': True, 'm': True}",-1,False,84,False,False
63,RVMD,8,Healthcare,Biotechnology,NASDAQ,1.927463792126691,96,2.4455420772234304,96,11,22.65,101.83000183105469,0.031537165257792314,7,True,False,True,False,True,AI Scanner,"{'c': False, 'a': False, 'n': False, 's': False, 'l': True, 'i': True, 'm': True}",-1,True,99,False,False
64,DD,8,Basic Materials,Specialty Chemicals,NYSE,1.3743470542198055,87,1.2686249068557314,79,37,22.79,50.40999984741211,0.03429026052878664,7,False,False,False,False,True,AI Scanner,"{'c': False, 'a': False, 'n': True, 's': False, 'l': True, 'i': True, 'm': True}",-1,False,83,False,False
65,HLIO,8,Industrials,Specialty Industrial Machinery,NYSE,1.5484394824437477,92,1.4659123565488967,76,91,22.81,74.2300033569336,0.03311137401702412,7,False,False,False,False,True,AI Scanner,"{'c': False, 'a': False, 'n': True, 's': False, 'l': True, 'i': True, 'm': True}",-1,False,90,False,False
66,PHIN,8,unknown,unknown,NYSE,1.362253871231794,86,1.247691974046183,48,79,22.83,75.98999786376953,0.03355610559766195,7,False,False,False,False,True,AI Scanner,"{'c': False, 'a': False, 'n': True, 's': False, 'l': True, 'i': True, 'm': True}",-1,False,82,False,False
67,BG,8,Consumer Defensive,Farm Products,NYSE,1.3521970367944227,86,1.2152661705842296,75,39,22.93,121.94999694824219,0.032792923372632454,7,False,False,False,False,True,AI Scanner,"{'c': False, 'a': False, 'n': True, 's': False, 'l': True, 'i': True, 'm': True}",-1,False,79,False,False
68,DAR,8,Consumer Defensive,Packaged Foods,NYSE,1.380341792660222,87,1.171496574765944,27,23,23.03,51.599998474121094,0.03235050837812945,7,False,False,False,False,True,AI Scanner,"{'c': False, 'a': False, 'n': True, 's': False, 'l': True, 'i': True, 'm': True}",-1,False,75,False,False
69,ATMU,8,unknown,unknown,NYSE,1.390835870177702,87,1.2834237272434974,74,71,23.05,64.69999694824219,0.03423261504843327,7,False,False,False,False,True,AI Scanner,"{'c': False, 'a': False, 'n': True, 's': True, 'l': True, 'i': True, 'm': True}",-1,False,84,False,False
70,HWM,8,Industrials,Specialty Industrial Machinery,NYSE,1.3567080853059093,86,1.2128429066817308,86,85,23.1,258.1000061035156,0.03506789410250313,7,False,False,False,False,True,AI Scanner,"{'c': False, 'a': False, 'n': True, 's': False, 'l': True, 'i': True, 'm': True}",-1,False,79,False,False
71,JBHT,8,Industrials,Integrated Freight & Logistics,NASDAQ,1.368976618706614,86,1.2071989015956417,65,15,23.12,230.16000366210938,0.03321708930480288,7,False,False,False,False,True,AI Scanner,"{'c': False, 'a': False, 'n': True, 's': False, 'l': True, 'i': True, 'm': True}",-1,False,78,False,False
72,TEN,8,Consumer Cyclical,Auto Parts,NYSE,1.3696354611899981,86,1.165749841073688,85,74,23.18,31.149999618530273,0.03081861681104828,7,False,True,False,False,True,AI Scanner,"{'c': False, 'a': False, 'n': True, 's': True, 'l': True, 'i': True, 'm': True}",-1,False,74,False,False
73,BAP,8,Financial Services,Banks—Regional,NYSE,1.4258486829467238,89,1.4136889617910366,76,88,23.22,350.25,0.03621494576777111,7,False,False,False,False,True,AI Scanner,"{'c': False, 'a': False, 'n': False, 's': False, 'l': True, 'i': True, 'm': True}",-1,False,89,False,False
74,ADI,8,Technology,Semiconductors,NASDAQ,1.3837680088553688,87,1.2556319695702722,42,67,23.24,355.0299987792969,0.03241576469465151,7,False,False,False,False,True,AI Scanner,"{'c': False, 'a': False, 'n': True, 's': True, 'l': True, 'i': True, 'm': True}",-1,False,82,False,False
75,TNK,8,Energy,Oil & Gas Midstream,NYSE,1.332308218142003,85,1.1730635663868112,90,64,23.32,72.87999725341797,0.03242118551457641,7,False,False,False,False,True,AI Scanner,"{'c': False, 'a': False, 'n': True, 's': True, 'l': True, 'i': True, 'm': True}",-1,False,75,False,False
76,BC,8,Consumer Cyclical,Leisure,NYSE,1.3832853939898644,87,1.3397574655272648,46,38,23.48,89.12000274658203,0.034399849701519394,7,False,False,False,False,True,AI Scanner,"{'c': False, 'a': False, 'n': True, 's': False, 'l': True, 'i': True, 'm': True}",-1,False,87,False,False
77,AIR,8,Industrials,Aerospace & Defense,NYSE,1.5138192059246138,91,1.3510007990753303,70,70,23.49,116.97000122070312,0.03406855547485436,7,False,False,False,False,True,AI Scanner,"{'c': False, 'a': False, 'n': True, 's': False, 'l': True, 'i': True, 'm': True}",-1,False,87,False,False
78,BWMX,8,Consumer Cyclical,Specialty Retail,NYSE,1.4070337618767317,88,1.5816857714428907,83,88,23.51,18.68000030517578,0.03497247501673817,7,True,False,False,False,True,AI Scanner,"{'c': False, 'a': False, 'n': False, 's': False, 'l': True, 'i': True, 'm': True}",-1,False,93,False,False
79,ASML,8,Technology,Semiconductor Equipment & Materials,NASDAQ,1.5953900025336065,93,1.536549606050807,87,36,23.6,1469.5899658203125,0.034076499331329974,7,True,False,False,False,True,AI Scanner,"{'c': False, 'a': False, 'n': True, 's': False, 'l': True, 'i': True, 'm': True}",-1,False,92,False,False
80,FTI,8,Energy,Oil & Gas Equipment & Services,NYSE,1.6074586595154103,93,1.45074030012694,90,79,23.77,63.4900016784668,0.03422361359430933,7,False,True,False,False,True,AI Scanner,"{'c': False, 'a': False, 'n': True, 's': True, 'l': True, 'i': True, 'm': True}",-1,True,90,False,False
81,MIRM,8,Healthcare,Biotechnology,NASDAQ,1.5954692660780982,93,1.6015106407258792,85,95,23.94,105.16000366210938,0.03374041884599266,7,True,False,False,False,True,AI Scanner,"{'c': False, 'a': False, 'n': True, 's': False, 'l': True, 'i': True, 'm': True}",-1,True,93,False,False
82,SKM,8,Communication Services,Telecom Services,NYSE,1.3623086851597572,86,0.9876940933872457,25,37,24.11,31.170000076293945,0.04411293336136152,7,False,False,False,False,True,AI Scanner,"{'c': False, 'a': False, 'n': False, 's': False, 'l': True, 'i': True, 'm': True}",-1,False,46,False,False
83,WWD,8,Industrials,Aerospace & Defense,NASDAQ,1.5590476161846563,92,1.3629230254181046,82,84,24.21,394.0299987792969,0.04206367116877581,7,False,False,False,False,True,AI Scanner,"{'c': False, 'a': False, 'n': True, 's': False, 'l': True, 'i': True, 'm': True}",-1,False,87,False,False
84,FLS,8,Industrials,Specialty Industrial Machinery,NYSE,1.4032877811448152,88,1.3605007386807242,83,40,24.25,88.94000244140625,0.03397955374280748,7,False,False,False,False,True,AI Scanner,"{'c': False, 'a': False, 'n': True, 's': False, 'l': True, 'i': True, 'm': True}",-1,False,87,False,False
85,NVDA,8,Technology,Semiconductors,NASDAQ,1.067639683586808,55,1.0872762388097528,76,87,24.36,189.82000732421875,0.0368619906580946,7,False,False,True,False,True,Friend's Tip,"{'c': False, 'a': False, 'n': False, 's': True, 'l': False, 'i': False, 'm': True}",-1,False,65,False,False
86,TPB,8,Consumer Defensive,Tobacco,NYSE,1.41614164593192,88,1.470224480661948,83,95,24.37,135.52000427246094,0.03429436619770416,7,False,False,False,False,True,AI Scanner,"{'c': False, 'a': False, 'n': True, 's': False, 'l': True, 'i': True, 'm': True}",-1,False,90,False,False
87,ANDE,8,Consumer Defensive,Food Distribution,NASDAQ,1.4040887809086176,88,1.3145973200389893,80,27,24.39,65.6500015258789,0.03742791525583192,7,False,False,False,False,True,AI Scanner,"{'c': False, 'a': False, 'n': False, 's': True, 'l': True, 'i': True, 'm': True}",-1,False,86,False,False
88,TSLA,7,Consumer Cyclical,Auto Manufacturers,NASDAQ,1.0362516177086276,48,1.1297153177439894,72,69,24.41,411.82000732421875,0.03674456122531704,3,True,False,True,False,True,Twitter,"{'c': False, 'a': False, 'n': False, 's': False, 'l': False, 'i': False, 'm': True}",-1,False,71,False,False
89,DLX,8,Communication Services,Advertising Agencies,NYSE,1.4609826463688957,90,1.270997915888734,67,70,24.44,27.229999542236328,0.03441779886479177,7,True,False,False,False,True,AI Scanner,"{'c': False, 'a': False, 'n': True, 's': False, 'l': True, 'i': True, 'm': True}",-1,False,83,False,False
90,WFRD,8,Energy,Oil & Gas Equipment & Services,NASDAQ,1.5492254762598159,92,1.354495395071731,80,50,24.5,104.44000244140625,0.03628330217599848,7,False,False,False,False,True,AI Scanner,"{'c': False, 'a': False, 'n': True, 's': False, 'l': True, 'i': True, 'm': True}",-1,True,87,False,False
91,ESLT,8,Industrials,Aerospace & Defense,NASDAQ,1.6008998469418714,93,1.562791564943571,86,95,24.5,724.72998046875,0.0348277611475718,7,False,False,False,False,True,AI Scanner,"{'c': False, 'a': False, 'n': True, 's': True, 'l': True, 'i': True, 'm': True}",-1,False,92,False,False
92,MOV,8,Consumer Cyclical,Luxury Goods,NYSE,1.3608117498473915,86,1.2113115575144635,68,27,24.52,25.809999465942383,0.03304367822125268,7,False,False,False,False,True,AI Scanner,"{'c': False, 'a': False, 'n': True, 's': True, 'l': True, 'i': True, 'm': True}",-1,False,79,False,False
93,MG,8,Industrials,Security & Protection Services,NYSE,1.3675595497797683,86,1.3909486511211409,86,46,24.54,14.829999923706055,0.03491956017543492,7,False,False,False,False,True,AI Scanner,"{'c': False, 'a': False, 'n': True, 's': False, 'l': True, 'i': True, 'm': True}",-1,False,88,False,False
94,NWPX,8,Industrials,Metal Fabrication,NASDAQ,1.3608686225043178,86,1.3173370832938343,71,78,24.81,74.76000213623047,0.03543721136919709,7,False,False,False,False,True,AI Scanner,"{'c': False, 'a': False, 'n': True, 's': False, 'l': True, 'i': True, 'm': True}",-1,False,86,False,False
95,GRC,8,Industrials,Specialty Industrial Machinery,NYSE,1.465403447367023,90,1.1969493223009677,69,60,24.93,65.69000244140625,0.03554832573415069,7,False,False,False,False,True,AI Scanner,"{'c': False, 'a': False, 'n': True, 's': False, 'l': True, 'i': True, 'm': True}",-1,False,78,False,False
96,NOV,8,Energy,Oil & Gas Equipment & Services,NYSE,1.3504423046914003,85,1.2580563696290905,68,21,24.96,20.389999389648438,0.03706300026309732,7,False,False,False,False,True,AI Scanner,"{'c': False, 'a': False, 'n': True, 's': False, 'l': True, 'i': True, 'm': True}",-1,True,82,False,False
97,ASTE,8,Industrials,Farm & Heavy Construction Machinery,NASDAQ,1.3597039988861286,86,1.1191920613901243,60,81,25.01,58.720001220703125,0.03661445736081014,7,False,False,False,False,True,AI Scanner,"{'c': False, 'a': False, 'n': True, 's': True, 'l': True, 'i': True, 'm': True}",-1,False,70,False,False
98,INDV,7,unknown,unknown,NASDAQ,1.8197337372620437,96,1.916014985544707,99,98,25.19,33.88999938964844,0.03679551594975399,3,False,False,True,False,True,AI Scanner,"{'c': False, 'a': False, 'n': False, 's': False, 'l': True, 'i': True, 'm': True}",-1,False,96,False,False
99,CMI,8,Industrials,Specialty Industrial Machinery,NYSE,1.3535279990442253,86,1.4541549911463143,85,74,25.27,593.280029296875,0.042046200709749765,7,False,False,True,False,True,AI Scanner,"{'c': False, 'a': False, 'n': True, 's': False, 'l': True, 'i': True, 'm': True}",-1,False,90,False,False
100,CAT,8,Industrials,Farm & Heavy Construction Machinery,NYSE,1.62395890379352,93,1.3951945107251258,91,76,25.32,759.739990234375,0.03773471860164213,7,False,False,False,False,True,AI Scanner,"{'c': False, 'a': False, 'n': True, 's': False, 'l': True, 'i': True, 'm': True}",-1,False,88,False,False
101,DCO,8,Industrials,Aerospace & Defense,NYSE,1.4732401400119008,90,1.3098226933648809,73,88,25.66,126.58000183105469,0.03616008426827412,7,False,False,False,False,True,AI Scanner,"{'c': False, 'a': False, 'n': True, 's': False, 'l': True, 'i': True, 'm': True}",-1,False,85,False,False
102,IRMD,8,Healthcare,Medical Devices,NASDAQ,1.383554522502329,87,1.4777862007809595,92,87,25.7,103.55999755859375,0.039176734509609214,7,False,False,True,False,True,AI Scanner,"{'c': False, 'a': False, 'n': True, 's': True, 'l': True, 'i': True, 'm': True}",-1,False,91,False,False
103,HSHP,8,unknown,unknown,NYSE,1.9019503819746977,96,1.3282018712919963,85,79,25.72,14.09000015258789,0.035876887466854746,7,False,False,False,False,True,AI Scanner,"{'c': False, 'a': False, 'n': True, 's': False, 'l': True, 'i': True, 'm': True}",-1,False,86,False,False
104,MSGE,8,Communication Services,Entertainment,NYSE,1.4139583262516586,88,1.3817080757808498,84,55,25.84,63.709999084472656,0.03663250920006934,7,False,False,False,False,True,AI Scanner,"{'c': False, 'a': False, 'n': True, 's': False, 'l': True, 'i': True, 'm': True}",-1,False,88,False,False
105,PRM,7,unknown,unknown,NYSE,1.4658637423103742,90,1.6454805609989942,96,97,25.86,26.639999389648438,0.0380013909080428,3,True,False,True,False,True,AI Scanner,"{'c': False, 'a': False, 'n': False, 's': False, 'l': True, 'i': True, 'm': True}",-1,False,94,False,False
106,LUV,8,Industrials,Airlines,NYSE,1.522270924330099,91,1.2211847529913078,48,42,25.98,52.09000015258789,0.03994460795529936,7,False,False,False,False,True,AI Scanner,"{'c': False, 'a': False, 'n': False, 's': False, 'l': True, 'i': True, 'm': True}",-1,False,80,False,False
107,LCII,8,Consumer Cyclical,Recreational Vehicles,NYSE,1.3481479663526075,85,1.4941284878696808,65,45,26.05,147.5800018310547,0.03909743021618026,6,False,False,True,False,True,AI Scanner,"{'c': False, 'a': False, 'n': False, 's': False, 'l': True, 'i': True, 'm': True}",-1,False,91,False,False
108,CMTV,8,unknown,unknown,NASDAQ,1.43126328709119,89,1.2878048005006497,82,86,26.09,32.09000015258789,0.03830743243398148,7,False,False,False,False,True,AI Scanner,"{'c': False, 'a': False, 'n': False, 's': False, 'l': True, 'i': True, 'm': True}",-1,False,84,False,False
109,KNSA,8,Healthcare,Biotechnology,NASDAQ,1.42627073172319,89,1.4082211926361519,94,87,26.21,47.77000045776367,0.035908673964858535,7,True,False,False,False,True,AI Scanner,"{'c': False, 'a': False, 'n': True, 's': False, 'l': True, 'i': True, 'm': True}",-1,True,89,False,False
110,LFUS,8,Technology,Electronic Components,NASDAQ,1.4227264650886418,88,1.1969407449488085,42,67,26.23,370.3299865722656,0.037575629771556096,7,False,False,False,False,True,AI Scanner,"{'c': False, 'a': False, 'n': True, 's': False, 'l': True, 'i': True, 'm': True}",-1,False,78,False,False
111,NATR,8,Consumer Defensive,Household & Personal Products,NASDAQ,1.4640399863638365,90,1.5918572000243294,88,55,26.31,26.8799991607666,0.03736181440680194,7,False,False,False,False,True,AI Scanner,"{'c': False, 'a': False, 'n': True, 's': False, 'l': True, 'i': True, 'm': True}",-1,False,93,False,False
112,DAN,8,Consumer Cyclical,Auto Parts,NYSE,1.7374327418874898,95,1.7786768538478444,91,94,26.47,34.27000045776367,0.03989326273967582,7,False,False,False,False,True,AI Scanner,"{'c': False, 'a': False, 'n': True, 's': False, 'l': True, 'i': True, 'm': True}",-1,False,95,False,False
113,CX,8,Basic Materials,Building Materials,NYSE,1.3958849041036554,88,1.599810685848086,90,90,26.55,12.899999618530273,0.03687707665756892,7,False,False,True,False,True,AI Scanner,"{'c': False, 'a': False, 'n': True, 's': False, 'l': True, 'i': True, 'm': True}",-1,False,93,False,False
114,EME,8,Industrials,Engineering & Construction,NYSE,1.3885926221401057,87,1.1436844099568733,71,90,26.56,812.7899780273438,0.03886875795969839,7,False,False,False,False,True,AI Scanner,"{'c': False, 'a': False, 'n': True, 's': True, 'l': True, 'i': True, 'm': True}",-1,False,72,False,False
115,OCS,8,unknown,unknown,NASDAQ,1.3865424294878639,87,1.1994557778702488,61,28,26.8,29.170000076293945,0.037259418852105305,7,True,False,False,False,True,AI Scanner,"{'c': False, 'a': False, 'n': True, 's': True, 'l': True, 'i': True, 'm': True}",-1,False,78,False,False
116,NX,7,Industrials,Building Products & Equipment,NYSE,1.3776752828053964,87,1.0110599245201806,1,35,26.87,22.549999237060547,0.03763065459409795,6,False,False,False,False,True,AI Scanner,"{'c': False, 'a': False, 'n': True, 's': False, 'l': True, 'i': True, 'm': True}",-1,False,51,False,False
117,CMRE,8,Industrials,Marine Shipping,NYSE,1.3598946172977968,86,1.350053796915464,88,61,26.97,17.190000534057617,0.038560614715001655,7,False,False,True,False,True,AI Scanner,"{'c': False, 'a': False, 'n': True, 's': False, 'l': True, 'i': True, 'm': True}",-1,False,87,False,False
118,CTRI,8,unknown,unknown,NYSE,1.4702243401903137,90,1.2761506345790394,37,55,27.15,31.850000381469727,0.03896163975893543,7,False,False,False,False,True,AI Scanner,"{'c': False, 'a': False, 'n': True, 's': True, 'l': True, 'i': True, 'm': True}",-1,False,84,False,False
119,TK,8,Energy,Oil & Gas Midstream,NYSE,1.3559158409250074,86,1.185247371206185,91,79,27.19,12.020000457763672,0.03797241616722501,7,False,False,False,False,True,AI Scanner,"{'c': False, 'a': False, 'n': True, 's': True, 'l': True, 'i': True, 'm': True}",-1,False,77,False,False
120,ZUMZ,8,Consumer Cyclical,Apparel Retail,NASDAQ,1.4674008428918859,90,1.3308567328781447,92,53,27.26,26.770000457763672,0.03698170201370372,6,True,False,True,False,True,AI Scanner,"{'c': False, 'a': False, 'n': False, 's': True, 'l': True, 'i': True, 'm': True}",-1,False,86,False,False
121,NGVT,8,Basic Materials,Specialty Chemicals,NYSE,1.3780953877531252,87,1.3337845032838274,39,85,27.28,72.19000244140625,0.04152731103627143,7,False,False,False,False,True,AI Scanner,"{'c': False, 'a': False, 'n': False, 's': True, 'l': True, 'i': True, 'm': True}",-1,False,86,False,False
122,TPR,8,Consumer Cyclical,Luxury Goods,NYSE,1.530641558169601,91,1.2714703327210577,86,94,27.28,157.08999633789062,0.04032720301781647,7,False,False,False,False,True,AI Scanner,"{'c': False, 'a': False, 'n': True, 's': False, 'l': True, 'i': True, 'm': True}",-1,False,83,False,False
123,LPG,8,Energy,Oil & Gas Midstream,NYSE,1.3464616155443458,85,1.0400306502636436,44,88,27.31,35.52000045776367,0.0367280343313778,7,False,False,False,False,True,AI Scanner,"{'c': False, 'a': False, 'n': True, 's': False, 'l': True, 'i': True, 'm': True}",-1,False,56,False,False
124,GNK,8,Industrials,Marine Shipping,NYSE,1.3919005174616499,87,1.2378320326174705,76,72,27.37,23.959999084472656,0.037031956392540824,7,False,False,False,False,True,AI Scanner,"{'c': False, 'a': False, 'n': True, 's': True, 'l': True, 'i': True, 'm': True}",-1,False,81,False,False
125,OSK,8,Industrials,Farm & Heavy Construction Machinery,NYSE,1.3764169371287593,87,1.2594340840406337,57,88,27.37,175.52000427246094,0.03908778387577187,7,False,False,False,False,True,AI Scanner,"{'c': False, 'a': False, 'n': True, 's': True, 'l': True, 'i': True, 'm': True}",-1,False,82,False,False
126,EZPW,8,Financial Services,Credit Services,NASDAQ,1.474176004992762,90,1.287585131245802,83,81,27.38,25.3700008392334,0.039078773302606104,7,False,False,False,False,True,AI Scanner,"{'c': False, 'a': False, 'n': True, 's': True, 'l': True, 'i': True, 'm': True}",-1,False,84,False,False
127,FIVE,8,Consumer Cyclical,Specialty Retail,NASDAQ,1.623395605447648,93,1.5002762436125123,90,93,27.45,220.08999633789062,0.038383650273061246,7,False,True,False,False,True,AI Scanner,"{'c': False, 'a': False, 'n': True, 's': True, 'l': True, 'i': True, 'm': True}",-1,False,91,False,False
128,NVST,8,Healthcare,Medical Instruments & Supplies,NYSE,1.3808828150747658,87,1.132875288802805,38,55,27.68,29.1200008392334,0.043767179435960236,7,False,False,False,False,True,AI Scanner,"{'c': False, 'a': False, 'n': True, 's': False, 'l': True, 'i': True, 'm': True}",-1,False,71,False,False
129,ATI,8,Industrials,Metal Fabrication,NYSE,1.837021846840115,96,1.570014510448723,90,68,27.74,158.8699951171875,0.036310016387052765,7,False,True,False,False,True,AI Scanner,"{'c': False, 'a': False, 'n': True, 's': True, 'l': True, 'i': True, 'm': True}",-1,False,93,False,False
130,SQM,7,Basic Materials,Chemicals,NYSE,1.4031336571714266,88,1.8842198898704623,92,84,27.81,71.86000061035156,0.04432228933159728,4,True,False,True,False,True,AI Scanner,"{'c': False, 'a': False, 'n': False, 's': False, 'l': True, 'i': True, 'm': True}",-1,False,96,False,False
131,ABVX,8,unknown,unknown,NASDAQ,7.511514272056349,100,7.120048750392423,100,100,27.81,130.35000610351562,0.03743053777124129,6,True,False,True,False,True,AI Scanner,"{'c': False, 'a': False, 'n': False, 's': False, 'l': True, 'i': True, 'm': True}",-1,False,100,False,False
132,GTX,8,Consumer Cyclical,Auto Parts,NASDAQ,1.369861031305476,86,1.4940055414277087,92,88,27.94,18.899999618530273,0.04750944595327145,6,False,False,True,False,True,AI Scanner,"{'c': False, 'a': False, 'n': False, 's': True, 'l': True, 'i': True, 'm': True}",-1,False,91,False,False
133,MSGS,8,Communication Services,Entertainment,NYSE,1.4449952703111093,89,1.2136433308409431,60,23,27.98,325.260009765625,0.04314021341742929,7,False,False,False,False,True,AI Scanner,"{'c': False, 'a': False, 'n': False, 's': False, 'l': True, 'i': True, 'm': True}",-1,False,79,False,False
134,DBD,8,Technology,Software—Application,NYSE,1.3456916877527367,85,1.258571052207986,79,87,28.27,81.23999786376953,0.03957849136943168,7,False,False,False,False,True,AI Scanner,"{'c': False, 'a': False, 'n': True, 's': True, 'l': True, 'i': True, 'm': True}",-1,False,82,False,False
135,PWR,8,Industrials,Engineering & Construction,NYSE,1.3597874945516755,86,1.142671381875168,84,80,28.52,552.6599731445312,0.04047697879953459,7,False,False,False,False,True,AI Scanner,"{'c': False, 'a': False, 'n': True, 's': False, 'l': True, 'i': True, 'm': True}",-1,False,72,False,False
136,ROIV,8,Healthcare,Biotechnology,NASDAQ,1.7934740885703393,95,1.5516647249215576,96,42,28.58,27.149999618530273,0.04696133766631832,7,False,False,False,False,True,AI Scanner,"{'c': False, 'a': False, 'n': True, 's': False, 'l': True, 'i': True, 'm': True}",-1,True,92,False,False
137,LIND,8,Consumer Cyclical,Travel Services,NASDAQ,1.6063987520716538,93,1.2874706523631045,30,85,28.6,20.850000381469727,0.039773889998586644,7,False,False,False,False,True,AI Scanner,"{'c': False, 'a': False, 'n': True, 's': True, 'l': True, 'i': True, 'm': True}",-1,False,84,False,False
138,M,8,Consumer Cyclical,Department Stores,NYSE,1.3642245452642876,86,1.2924138323316534,93,30,28.74,22.40999984741211,0.044399828862665525,6,False,False,True,False,True,AI Scanner,"{'c': False, 'a': False, 'n': False, 's': True, 'l': True, 'i': True, 'm': True}",-1,False,85,False,False
139,WT,8,unknown,unknown,NYSE,1.4076660736454378,88,1.2784054052115859,36,87,28.94,16.3799991607666,0.03982353801217271,7,False,False,False,False,True,AI Scanner,"{'c': False, 'a': False, 'n': True, 's': False, 'l': True, 'i': True, 'm': True}",-1,False,84,False,False
140,KMT,8,Industrials,Tools & Accessories,NYSE,1.5876813786224833,92,1.4043689845940897,78,17,28.95,39.59000015258789,0.04432028756996678,7,False,False,False,False,True,AI Scanner,"{'c': False, 'a': False, 'n': False, 's': False, 'l': True, 'i': True, 'm': True}",-1,False,89,False,False
141,PKE,8,Industrials,Aerospace & Defense,NYSE,1.4470887655657856,89,1.381714878714852,80,87,29.02,25.850000381469727,0.04064658959586925,7,False,False,False,False,True,AI Scanner,"{'c': False, 'a': False, 'n': True, 's': False, 'l': True, 'i': True, 'm': True}",-1,False,88,False,False
142,IMOS,7,Technology,Semiconductors,NASDAQ,1.472698144385661,90,2.004783178379632,95,8,29.08,34.20000076293945,0.046553889568978254,4,True,False,True,False,True,AI Scanner,"{'c': False, 'a': False, 'n': False, 's': False, 'l': True, 'i': True, 'm': True}",-1,False,97,False,False
143,ISBA,8,unknown,unknown,NASDAQ,1.5086248053696156,91,1.543720571018846,94,89,29.2,52.45000076293945,0.04118206946643103,7,False,False,True,False,True,AI Scanner,"{'c': False, 'a': False, 'n': False, 's': False, 'l': True, 'i': True, 'm': True}",-1,False,92,False,False
144,TECK,8,Basic Materials,Other Industrial Metals & Mining,NYSE,1.4336942393074077,89,1.1739886952512093,59,6,29.2,59.400001525878906,0.045478593943358146,7,False,False,False,False,True,AI Scanner,"{'c': False, 'a': False, 'n': True, 's': False, 'l': True, 'i': True, 'm': True}",-1,False,75,False,False
145,NPKI,8,unknown,unknown,NYSE,1.4411916305783605,89,1.4400147834195045,89,87,29.24,14.579999923706055,0.042328034887249365,7,False,False,False,False,True,AI Scanner,"{'c': False, 'a': False, 'n': True, 's': False, 'l': True, 'i': True, 'm': True}",-1,False,90,False,False
146,SNEX,8,Financial Services,Capital Markets,NASDAQ,1.329228616413437,85,1.106327857328104,36,88,29.44,128.6699981689453,0.04318357309990769,7,False,False,False,False,True,AI Scanner,"{'c': False, 'a': False, 'n': True, 's': False, 'l': True, 'i': True, 'm': True}",-1,False,67,False,False
147,WS,8,unknown,unknown,NYSE,1.359270746807231,86,1.2377075567525426,44,65,29.54,44.06999969482422,0.046617377860995145,7,False,False,False,False,True,AI Scanner,"{'c': False, 'a': False, 'n': False, 's': True, 'l': True, 'i': True, 'm': True}",-1,False,81,False,False
148,FCX,8,Basic Materials,Copper,NYSE,1.4632580014406646,90,1.3281365531739504,34,57,29.65,64.33999633789062,0.04666060325309893,7,True,False,False,False,True,AI Scanner,"{'c': False, 'a': False, 'n': False, 's': False, 'l': True, 'i': True, 'm': True}",-1,False,86,False,False
149,HLF,8,Consumer Defensive,Packaged Foods,NYSE,2.15746479791394,98,1.9135184976358195,90,60,29.76,19.959999084472656,0.04237046109841335,7,False,False,False,False,True,AI Scanner,"{'c': False, 'a': False, 'n': True, 's': True, 'l': True, 'i': True, 'm': True}",-1,False,96,False,False
150,PDS,8,Energy,Oil & Gas Drilling,NYSE,1.5177656621067366,91,1.256515647121446,59,52,29.88,88.27999877929688,0.04352224196445578,7,False,False,False,False,True,AI Scanner,"{'c': False, 'a': False, 'n': True, 's': False, 'l': True, 'i': True, 'm': True}",-1,True,82,False,False
151,CW,8,Industrials,Specialty Industrial Machinery,NYSE,1.4244681485565276,89,1.3352039615706779,86,84,29.89,707.4500122070312,0.04429693112777139,7,False,False,False,False,True,AI Scanner,"{'c': False, 'a': False, 'n': True, 's': False, 'l': True, 'i': True, 'm': True}",-1,False,86,False,False
152,FNV,8,Basic Materials,Gold,NYSE,1.3576398544754793,86,1.3987353111595622,81,84,29.98,260.3999938964844,0.04238260187271922,7,True,False,False,False,True,AI Scanner,"{'c': False, 'a': False, 'n': True, 's': False, 'l': True, 'i': True, 'm': True}",-1,True,88,False,False
153,TSM,8,Technology,Semiconductors,NYSE,1.4603660962155542,90,1.2701494049478508,87,83,30.05,370.5400085449219,0.04435418405413106,7,False,False,False,False,True,AI Scanner,"{'c': False, 'a': False, 'n': True, 's': False, 'l': True, 'i': True, 'm': True}",-1,False,83,False,False
154,CMDB,8,unknown,unknown,NYSE,1.5298965931765915,91,1.2141164843246237,93,25,30.11,18.6200008392334,0.04559229589230379,6,False,False,False,False,True,AI Scanner,"{'c': False, 'a': False, 'n': False, 's': True, 'l': True, 'i': True, 'm': True}",-1,False,79,False,False
155,AAMI,8,unknown,unknown,NYSE,1.3528848447610433,86,1.4152487574078396,82,97,30.34,53.22999954223633,0.04590992447337526,7,False,False,True,False,True,AI Scanner,"{'c': False, 'a': False, 'n': False, 's': False, 'l': True, 'i': True, 'm': True}",-1,False,89,False,False
156,ASX,8,Technology,Semiconductors,NYSE,1.921542550175055,96,1.5903556650090351,90,46,30.37,23.959999084472656,0.04236226365399885,7,False,False,False,False,True,AI Scanner,"{'c': False, 'a': False, 'n': True, 's': False, 'l': True, 'i': True, 'm': True}",-1,False,93,False,False
157,CLMT,8,Energy,Oil & Gas E&P,NASDAQ,1.5837293797347978,92,1.1836729580023921,72,30,30.41,28.139999389648438,0.0430500592945494,7,False,False,False,False,True,AI Scanner,"{'c': False, 'a': False, 'n': False, 's': False, 'l': True, 'i': True, 'm': True}",-1,False,77,False,False
158,MTRN,8,Basic Materials,Other Industrial Metals & Mining,NYSE,1.338618635579021,85,1.2785368183116952,77,73,30.6,149.02999877929688,0.04779374105300894,7,False,False,True,False,True,AI Scanner,"{'c': False, 'a': False, 'n': False, 's': False, 'l': True, 'i': True, 'm': True}",-1,False,84,False,False
159,ENS,8,Industrials,Electrical Equipment & Parts,NYSE,1.4121440233900096,88,1.5586398801878822,91,58,30.61,173.2100067138672,0.0512136310048232,6,False,False,True,False,True,AI Scanner,"{'c': False, 'a': False, 'n': False, 's': False, 'l': True, 'i': True, 'm': True}",-1,False,92,False,False
160,HII,8,Industrials,Aerospace & Defense,NYSE,1.621747774352326,93,1.5509293221833749,89,83,30.68,437.57000732421875,0.045453948107673864,7,False,False,False,False,True,AI Scanner,"{'c': False, 'a': False, 'n': True, 's': False, 'l': True, 'i': True, 'm': True}",-1,False,92,False,False
161,PARR,8,Energy,Oil & Gas Refining & Marketing,NYSE,1.4563150397580602,90,1.3499170951382535,98,96,30.78,42.75,0.04284044614710605,7,False,False,False,False,True,AI Scanner,"{'c': False, 'a': False, 'n': False, 's': False, 'l': True, 'i': True, 'm': True}",-1,False,87,False,False
162,APEI,8,Consumer Defensive,Education & Training Services,NASDAQ,1.3351918076237077,85,1.3783651699871382,89,87,30.96,43.849998474121094,0.04205898686657909,7,False,False,False,False,True,AI Scanner,"{'c': False, 'a': False, 'n': True, 's': True, 'l': True, 'i': True, 'm': True}",-1,False,88,False,False
163,BKD,8,Healthcare,Medical Care Facilities,NYSE,1.7768217814707865,95,1.6499718024342775,95,76,31.01,14.899999618530273,0.05043145580427143,6,False,False,False,False,True,AI Scanner,"{'c': False, 'a': False, 'n': False, 's': False, 'l': True, 'i': True, 'm': True}",-1,False,94,False,False
164,SEB,8,Industrials,Conglomerates,NYSE MKT,1.337295455357012,85,1.4850777506085777,89,90,31.01,4933.10986328125,0.04806546106355896,6,False,False,True,False,True,AI Scanner,"{'c': False, 'a': False, 'n': False, 's': True, 'l': True, 'i': True, 'm': True}",-1,False,91,False,False
165,TBPH,8,Healthcare,Biotechnology,NASDAQ,1.3952815517481931,88,1.6375887828982791,95,93,31.02,19.65999984741211,0.04544397441231223,7,False,False,True,False,True,AI Scanner,"{'c': False, 'a': False, 'n': False, 's': True, 'l': True, 'i': True, 'm': True}",-1,True,94,False,False
166,CGNX,7,Technology,Scientific & Technical Instruments,NASDAQ,1.4497528723699251,89,1.0138221800561862,39,83,31.11,56.029998779296875,0.055990426773800714,6,False,False,False,False,True,AI Scanner,"{'c': False, 'a': False, 'n': False, 's': True, 'l': True, 'i': True, 'm': True}",-1,False,52,False,False
167,GEV,8,unknown,unknown,NYSE,1.4991629166747291,91,1.2128024705637892,83,98,31.15,830.3400268554688,0.045221504009286484,7,False,False,False,False,True,AI Scanner,"{'c': False, 'a': False, 'n': True, 's': False, 'l': True, 'i': True, 'm': True}",-1,False,79,False,False
168,SDRL,8,unknown,unknown,NYSE,1.3909614329911628,87,1.1730076581603703,42,56,31.24,44.209999084472656,0.045270924127103394,7,False,False,False,False,True,AI Scanner,"{'c': False, 'a': False, 'n': True, 's': False, 'l': True, 'i': True, 'm': True}",-1,False,75,False,False
169,CYD,8,Industrials,Specialty Industrial Machinery,NYSE,2.0186981096765493,97,2.021294385832012,97,99,31.26,55.95000076293945,0.04442741599365158,7,False,False,False,False,True,AI Scanner,"{'c': False, 'a': False, 'n': True, 's': False, 'l': True, 'i': True, 'm': True}",-1,False,97,False,False
170,AEM,8,Basic Materials,Gold,NYSE,1.5778913175631406,92,1.5218776845181368,91,90,31.3,228.25999450683594,0.042185598360284154,7,True,False,False,False,True,AI Scanner,"{'c': False, 'a': False, 'n': True, 's': False, 'l': True, 'i': True, 'm': True}",-1,True,92,False,False
171,BTSG,8,unknown,unknown,NASDAQ,1.444206964311514,89,1.5158883117340525,94,80,31.56,41.060001373291016,0.04516908928425932,7,False,False,True,False,True,AI Scanner,"{'c': False, 'a': False, 'n': True, 's': False, 'l': True, 'i': True, 'm': True}",-1,False,91,False,False
172,WPM,8,Basic Materials,Gold,NYSE,1.520039895997686,91,1.549626076958723,82,86,31.85,150.3800048828125,0.04576975577241018,7,True,False,False,False,True,AI Scanner,"{'c': False, 'a': False, 'n': False, 's': False, 'l': True, 'i': True, 'm': True}",-1,True,92,False,False
173,MTZ,8,Industrials,Engineering & Construction,NYSE,1.5324133373453885,91,1.3125440898989127,82,86,31.87,283.8599853515625,0.04470010966559274,7,False,True,False,False,True,AI Scanner,"{'c': False, 'a': False, 'n': True, 's': True, 'l': True, 'i': True, 'm': True}",-1,False,86,False,False
174,CRS,8,Industrials,Metal Fabrication,NYSE,1.3711826862322636,87,1.306521737205762,90,77,31.91,389.7300109863281,0.04486255903886753,7,False,False,False,False,True,AI Scanner,"{'c': False, 'a': False, 'n': True, 's': True, 'l': True, 'i': True, 'm': True}",-1,False,85,False,False
175,KLAC,8,Technology,Semiconductor Equipment & Materials,NASDAQ,1.4707267579784218,90,1.5211149700680207,90,77,31.93,1496.0,0.041572110395669375,7,True,False,False,False,True,AI Scanner,"{'c': False, 'a': False, 'n': False, 's': False, 'l': True, 'i': True, 'm': True}",-1,False,91,False,False
176,TATT,8,Industrials,Aerospace & Defense,NASDAQ,1.4240349885817747,89,1.4034201316414192,86,95,32.05,52.849998474121094,0.04810109633752962,7,False,False,False,False,True,AI Scanner,"{'c': False, 'a': False, 'n': True, 's': False, 'l': True, 'i': True, 'm': True}",-1,False,89,False,False
177,ZIM,8,Industrials,Marine Shipping,NYSE,1.630461294956125,93,1.409609688989299,57,14,32.09,29.270000457763672,0.05179121249338004,7,False,False,False,False,True,AI Scanner,"{'c': False, 'a': False, 'n': True, 's': False, 'l': True, 'i': True, 'm': True}",-1,False,89,False,False
178,HP,8,Energy,Oil & Gas Drilling,NYSE,1.5217989134916907,91,1.3473884466550987,85,19,32.43,35.630001068115234,0.049268098683912895,7,False,False,False,False,True,AI Scanner,"{'c': False, 'a': False, 'n': True, 's': False, 'l': True, 'i': True, 'm': True}",-1,True,87,False,False
179,PLXS,8,Technology,Electronic Components,NASDAQ,1.331315604475578,85,1.164785799782161,40,35,32.59,198.4600067138672,0.046752839357485955,7,False,False,False,False,True,AI Scanner,"{'c': False, 'a': False, 'n': False, 's': False, 'l': True, 'i': True, 'm': True}",-1,False,74,False,False
180,DXPE,8,Industrials,Industrial Distribution,NASDAQ,1.46381612518265,90,1.1422825248091533,30,95,32.66,149.1300048828125,0.04740830519179144,7,False,False,False,False,True,AI Scanner,"{'c': False, 'a': False, 'n': True, 's': True, 'l': True, 'i': True, 'm': True}",-1,False,72,False,False
181,CHRW,8,Industrials,Integrated Freight & Logistics,NASDAQ,1.4409177623731777,89,1.4693285639253126,89,83,32.72,190.05999755859375,0.048702670307617796,7,False,False,False,False,True,AI Scanner,"{'c': False, 'a': False, 'n': False, 's': False, 'l': True, 'i': True, 'm': True}",-1,False,90,False,False
182,EL,8,Consumer Defensive,Household & Personal Products,NYSE,1.3419135622431086,85,1.3152544717495593,77,81,32.73,114.2300033569336,0.05644624948542067,7,False,False,True,False,True,AI Scanner,"{'c': False, 'a': False, 'n': False, 's': False, 'l': True, 'i': True, 'm': True}",-1,False,86,False,False
183,JOUT,8,Consumer Cyclical,Leisure,NASDAQ,1.4193271602434638,88,1.2595460139952244,76,88,32.81,50.5,0.04680338944538985,7,False,False,False,False,True,AI Scanner,"{'c': False, 'a': False, 'n': True, 's': True, 'l': True, 'i': True, 'm': True}",-1,False,82,False,False
184,BWXT,8,Industrials,Aerospace & Defense,NYSE,1.339817080291442,85,1.2685404095391895,84,90,32.86,206.44000244140625,0.047284569549215075,7,False,False,True,False,True,AI Scanner,"{'c': False, 'a': False, 'n': False, 's': False, 'l': True, 'i': True, 'm': True}",-1,False,83,False,False
185,APH,8,Technology,Electronic Components,NYSE,1.3607346048975675,86,1.401764527051827,93,91,32.99,151.0399932861328,0.0474803333166931,7,True,False,True,False,True,AI Scanner,"{'c': False, 'a': False, 'n': False, 's': False, 'l': True, 'i': True, 'm': True}",-1,False,88,False,False
186,EFXT,8,unknown,unknown,NYSE,1.7673664148642758,95,1.6199352813335088,93,88,33.04,19.450000762939453,0.04755784155331216,7,False,False,False,False,True,AI Scanner,"{'c': False, 'a': False, 'n': True, 's': True, 'l': True, 'i': True, 'm': True}",-1,False,93,False,False
187,KRYS,7,Healthcare,Biotechnology,NASDAQ,1.4183901641675123,88,1.5489869980765985,89,21,33.05,261.79998779296875,0.05156963455206817,4,False,False,True,False,True,AI Scanner,"{'c': False, 'a': False, 'n': False, 's': True, 'l': True, 'i': True, 'm': True}",-1,True,92,False,False
188,SPHR,8,unknown,unknown,NYSE,2.028246362398995,97,2.000604121018312,96,55,33.11,114.23999786376953,0.050443294944824794,7,False,False,False,False,True,AI Scanner,"{'c': False, 'a': False, 'n': True, 's': False, 'l': True, 'i': True, 'm': True}",-1,False,97,False,False
189,DAKT,8,Technology,Computer Hardware,NASDAQ,1.5133129695677574,91,1.1625470076116704,70,68,33.17,27.729999542236328,0.04453659622443815,7,False,False,False,False,True,AI Scanner,"{'c': False, 'a': False, 'n': True, 's': False, 'l': True, 'i': True, 'm': True}",-1,False,74,False,False
190,TFPM,8,unknown,unknown,NYSE,1.4254063974105082,89,1.5218642376595342,90,91,33.24,37.709999084472656,0.048016818368699164,7,True,False,True,False,True,AI Scanner,"{'c': False, 'a': False, 'n': False, 's': True, 'l': True, 'i': True, 'm': True}",-1,False,91,False,False
191,CALY,8,unknown,unknown,NYSE,1.6328854684834788,93,1.6125221286687124,84,84,33.24,14.600000381469727,0.05577299547135352,7,False,False,False,False,True,AI Scanner,"{'c': False, 'a': False, 'n': False, 's': True, 'l': True, 'i': True, 'm': True}",-1,False,93,False,False
192,B,8,Industrials,Specialty Industrial Machinery,NYSE,1.7263453686132213,94,1.988031952757012,96,89,33.3,47.959999084472656,0.04926724450112378,7,True,False,True,False,True,AI Scanner,"{'c': False, 'a': False, 'n': False, 's': True, 'l': True, 'i': True, 'm': True}",-1,False,97,False,False
193,IBP,8,Industrials,Building Products & Equipment,NYSE,1.4288777308726683,89,1.2781004165962215,82,90,33.39,325.42999267578125,0.049872484504492755,7,False,False,False,False,True,AI Scanner,"{'c': False, 'a': False, 'n': False, 's': True, 'l': True, 'i': True, 'm': True}",-1,False,84,False,False
194,NEM,8,Basic Materials,Gold,NYSE,1.7031055510074462,94,1.7799936642826535,93,93,33.48,122.12999725341797,0.0504965380275096,7,False,False,False,False,True,AI Scanner,"{'c': False, 'a': False, 'n': False, 's': True, 'l': True, 'i': True, 'm': True}",-1,True,95,False,False
195,RGLD,8,Basic Materials,Gold,NASDAQ,1.4825958564615813,90,1.559587507349053,68,62,33.55,285.5400085449219,0.04686358828646471,7,False,False,False,False,True,AI Scanner,"{'c': False, 'a': False, 'n': False, 's': True, 'l': True, 'i': True, 'm': True}",-1,True,92,False,False
196,MAMA,8,unknown,unknown,NASDAQ,1.7407289819733525,95,1.536049016398258,87,35,33.73,15.890000343322754,0.046763461535378234,7,False,True,False,False,True,AI Scanner,"{'c': False, 'a': False, 'n': True, 's': True, 'l': True, 'i': True, 'm': True}",-1,False,92,False,False
197,DRD,8,Basic Materials,Gold,NYSE,1.8045244318774563,95,2.0905423734322084,97,94,33.79,35.84000015258789,0.0559231644130105,7,True,False,True,False,True,AI Scanner,"{'c': False, 'a': False, 'n': False, 's': True, 'l': True, 'i': True, 'm': True}",-1,True,98,False,False
198,VISN,8,unknown,unknown,NASDAQ,1.8389374182049614,96,2.141499992218216,99,100,33.82,18.969999313354492,0.047895157613808095,7,False,False,True,False,True,AI Scanner,"{'c': False, 'a': False, 'n': False, 's': False, 'l': True, 'i': True, 'm': True}",-1,False,98,False,False
199,BKTI,8,Technology,Communication Equipment,NYSE MKT,1.5024015559282637,91,1.6262560243740853,90,98,33.87,85.58999633789062,0.04736868840218393,7,False,False,False,False,True,AI Scanner,"{'c': False, 'a': False, 'n': True, 's': False, 'l': True, 'i': True, 'm': True}",-1,False,94,False,False
200,ENLT,8,unknown,unknown,NASDAQ,2.5417840995011334,99,2.0979111559393466,96,94,33.88,70.05000305175781,0.059105750047322936,7,False,False,False,False,True,AI Scanner,"{'c': False, 'a': False, 'n': False, 's': True, 'l': True, 'i': True, 'm': True}",-1,False,98,False,False
201,ATNI,8,Communication Services,Telecom Services,NASDAQ,1.536137393013846,91,1.36382418305592,82,20,33.93,28.020000457763672,0.048970115385157706,7,False,False,False,False,True,AI Scanner,"{'c': False, 'a': False, 'n': False, 's': False, 'l': True, 'i': True, 'm': True}",-1,False,87,False,False
202,AEO,7,Consumer Cyclical,Apparel Retail,NYSE,1.6655949559616552,94,1.6603128209985785,92,22,33.94,25.260000228881836,0.0498812329765064,4,False,False,True,False,True,AI Scanner,"{'c': False, 'a': False, 'n': False, 's': True, 'l': True, 'i': True, 'm': True}",-1,False,94,False,False
203,TPC,8,Industrials,Engineering & Construction,NYSE,1.8978935103082681,96,1.8246786575965903,95,98,34.09,86.9000015258789,0.047862898515922875,7,False,False,False,False,True,AI Scanner,"{'c': False, 'a': False, 'n': True, 's': False, 'l': True, 'i': True, 'm': True}",-1,False,95,False,False
204,AXGN,8,Healthcare,Medical Devices,NASDAQ,1.7971976625311803,95,1.739302631570179,96,79,34.4,35.29999923706055,0.05006073180344981,7,False,False,True,False,True,AI Scanner,"{'c': False, 'a': False, 'n': True, 's': False, 'l': True, 'i': True, 'm': True}",-1,False,95,False,False
205,THR,8,Industrials,Specialty Industrial Machinery,NYSE,1.5526797902384615,92,1.410018059929681,79,16,34.45,51.02000045776367,0.05028840997375951,7,False,False,False,False,True,AI Scanner,"{'c': False, 'a': False, 'n': True, 's': False, 'l': True, 'i': True, 'm': True}",-1,False,89,False,False
206,ELA,8,Consumer Cyclical,Specialty Retail,NYSE MKT,1.510182481794509,91,1.7779792897132465,93,80,34.46,13.239999771118164,0.04456194068487276,5,True,False,True,True,True,AI Scanner,"{'c': False, 'a': False, 'n': False, 's': False, 'l': True, 'i': True, 'm': True}",-1,False,95,False,False
207,RRX,8,Industrials,Specialty Industrial Machinery,NYSE,1.457717361745225,90,1.0382089627055302,27,43,34.56,215.36000061035156,0.05196614555379818,7,False,False,False,False,True,AI Scanner,"{'c': False, 'a': False, 'n': False, 's': False, 'l': True, 'i': True, 'm': True}",-1,False,56,False,False
208,SKYT,8,Technology,Semiconductors,NASDAQ,2.2062861242105662,98,2.668022456052578,90,86,34.56,28.139999389648438,0.052860709283499216,6,True,False,True,False,True,AI Scanner,"{'c': False, 'a': False, 'n': False, 's': False, 'l': True, 'i': True, 'm': True}",-1,False,99,False,False
209,ALNT,8,unknown,unknown,NASDAQ,1.62226588589443,93,1.6775287353645107,93,97,34.73,68.37000274658203,0.0497712002714629,7,False,False,False,False,True,AI Scanner,"{'c': False, 'a': False, 'n': True, 's': True, 'l': True, 'i': True, 'm': True}",-1,False,94,False,False
210,PAHC,8,Healthcare,Drug Manufacturers—Specialty & Generic,NASDAQ,1.592674274391135,92,1.3765820179917667,94,95,34.74,52.79999923706055,0.05113771541389863,7,False,False,False,False,True,AI Scanner,"{'c': False, 'a': False, 'n': False, 's': False, 'l': True, 'i': True, 'm': True}",-1,False,88,False,False
211,BWA,8,Consumer Cyclical,Auto Parts,NYSE,1.4375699622394722,89,1.2124215025446388,78,84,34.86,58.91999816894531,0.05121958217243298,7,False,False,False,False,True,AI Scanner,"{'c': False, 'a': False, 'n': False, 's': True, 'l': True, 'i': True, 'm': True}",-1,False,79,False,False
212,FET,8,Energy,Oil & Gas Equipment & Services,NYSE,2.392372098713505,99,1.8333304494379707,94,94,35.02,57.86000061035156,0.045145917867087895,7,False,True,False,False,True,AI Scanner,"{'c': False, 'a': False, 'n': True, 's': True, 'l': True, 'i': True, 'm': True}",-1,True,96,False,False
213,AMAT,8,Technology,Semiconductor Equipment & Materials,NASDAQ,1.813748689514846,96,1.502910030535472,88,28,35.03,375.3800048828125,0.05026641141314132,7,False,False,False,False,True,AI Scanner,"{'c': False, 'a': False, 'n': True, 's': False, 'l': True, 'i': True, 'm': True}",-1,False,91,False,False
214,OMER,6,Healthcare,Biotechnology,NASDAQ,1.9223284022042886,96,1.7226918547344843,97,16,35.07,12.039999961853027,0.04947794308472114,4,True,False,True,False,True,AI Scanner,"{'c': False, 'a': False, 'n': False, 's': False, 'l': True, 'i': True, 'm': True}",-1,True,95,False,False
215,SHIP,8,Industrials,Marine Shipping,NASDAQ,1.6632811679988668,94,1.227743588772142,85,62,35.08,13.8100004196167,0.04815349785719243,7,False,False,False,False,True,AI Scanner,"{'c': False, 'a': False, 'n': True, 's': True, 'l': True, 'i': True, 'm': True}",-1,False,80,False,False
216,MEC,8,Industrials,Metal Fabrication,NYSE,1.3437365508461954,85,1.1030672339592045,47,11,35.08,22.1200008392334,0.04968676874988982,7,False,False,False,False,True,AI Scanner,"{'c': False, 'a': False, 'n': True, 's': False, 'l': True, 'i': True, 'm': True}",-1,False,67,False,False
217,CSTM,8,Basic Materials,Aluminum,NYSE,1.7646005342808873,95,1.6513309479017706,78,64,35.09,25.440000534057617,0.05615453610777008,7,False,False,False,False,True,AI Scanner,"{'c': False, 'a': False, 'n': False, 's': True, 'l': True, 'i': True, 'm': True}",-1,False,94,False,False
218,KYMR,8,Healthcare,Biotechnology,NASDAQ,1.7880473875541993,95,1.446894506246575,96,71,35.11,87.4000015258789,0.048139913615751706,7,False,False,False,False,True,AI Scanner,"{'c': False, 'a': False, 'n': False, 's': True, 'l': True, 'i': True, 'm': True}",-1,True,90,False,False
219,PLPC,8,Industrials,Electrical Equipment & Parts,NASDAQ,1.441198083261631,89,1.3857988496580638,80,91,35.14,262.6199951171875,0.05443223697766241,7,False,False,False,False,True,AI Scanner,"{'c': False, 'a': False, 'n': False, 's': False, 'l': True, 'i': True, 'm': True}",-1,False,88,False,False
220,COGT,7,Healthcare,Biotechnology,NASDAQ,3.0558542493365257,100,3.82420805513383,100,96,35.19,37.34000015258789,0.05190336506998571,4,True,False,True,False,True,AI Scanner,"{'c': False, 'a': False, 'n': False, 's': True, 'l': True, 'i': True, 'm': True}",-1,True,100,False,False
221,KGC,8,Basic Materials,Gold,NYSE,1.7108233393583974,94,2.0232054328226354,96,96,35.23,33.45000076293945,0.05447362318960525,6,True,False,True,False,True,AI Scanner,"{'c': False, 'a': False, 'n': False, 's': True, 'l': True, 'i': True, 'm': True}",-1,True,97,False,False
222,GNRC,7,Industrials,Specialty Industrial Machinery,NYSE,1.419210640917795,88,1.0172029216247598,23,85,35.41,229.19000244140625,0.04871504339890105,6,False,False,False,False,True,AI Scanner,"{'c': False, 'a': False, 'n': True, 's': False, 'l': True, 'i': True, 'm': True}",-1,False,53,False,False
223,AU,8,Basic Materials,Gold,NYSE,2.0412027819265592,97,2.062999915990604,98,96,35.44,114.25,0.05114724629370262,7,True,True,False,False,True,AI Scanner,"{'c': False, 'a': False, 'n': True, 's': True, 'l': True, 'i': True, 'm': True}",-1,True,98,False,False
224,CGON,8,unknown,unknown,NASDAQ,1.651039319904811,93,1.6431644741913038,93,17,35.56,57.630001068115234,0.047619044467004455,7,True,False,False,False,True,AI Scanner,"{'c': False, 'a': False, 'n': True, 's': False, 'l': True, 'i': True, 'm': True}",-1,False,94,False,False
225,LINC,8,Consumer Defensive,Education & Training Services,NASDAQ,1.341668023357093,85,1.235768820156331,63,47,35.78,29.989999771118164,0.049897596192840156,7,False,False,False,False,True,AI Scanner,"{'c': False, 'a': False, 'n': True, 's': True, 'l': True, 'i': True, 'm': True}",-1,False,81,False,False
226,ATRO,8,Industrials,Aerospace & Defense,NASDAQ,2.168619552908239,98,2.361457106808302,96,95,35.79,78.25,0.05279780587666876,7,False,False,False,False,True,AI Scanner,"{'c': False, 'a': False, 'n': True, 's': False, 'l': True, 'i': True, 'm': True}",-1,False,98,False,False
227,BVN,8,Basic Materials,Other Precious Metals & Mining,NYSE,1.9522698969156136,97,1.8793868323778742,93,90,35.84,38.40999984741211,0.054766224264218635,7,True,False,False,False,True,AI Scanner,"{'c': False, 'a': False, 'n': False, 's': True, 'l': True, 'i': True, 'm': True}",-1,True,96,False,False
228,ESI,8,Basic Materials,Specialty Chemicals,NYSE,1.338349023688648,85,1.1001291476609605,35,47,35.89,35.439998626708984,0.04774669754119471,7,False,False,False,False,True,AI Scanner,"{'c': False, 'a': False, 'n': True, 's': True, 'l': True, 'i': True, 'm': True}",-1,False,67,False,False
229,SII,8,Financial Services,Asset Management,NYSE,2.0661802578201556,97,1.8341913393963984,93,87,35.95,143.97999572753906,0.046390377899926616,7,False,True,False,False,True,AI Scanner,"{'c': False, 'a': False, 'n': True, 's': True, 'l': True, 'i': True, 'm': True}",-1,False,96,False,False
230,VERA,7,Healthcare,Biotechnology,NASDAQ,1.4893945405844595,90,1.6236542690558355,72,7,36.04,41.7599983215332,0.054229952262386874,3,True,False,True,False,True,AI Scanner,"{'c': False, 'a': False, 'n': False, 's': False, 'l': True, 'i': True, 'm': True}",-1,True,94,False,False
231,ALB,8,Basic Materials,Specialty Chemicals,NYSE,1.782019983864798,95,2.113073238589087,92,72,36.05,168.4199981689453,0.057297262204808456,6,True,False,True,False,True,AI Scanner,"{'c': False, 'a': False, 'n': False, 's': False, 'l': True, 'i': True, 'm': True}",-1,False,98,False,False
232,FTAI,8,Industrials,Rental & Leasing Services,NASDAQ,1.8194952940625826,96,2.1871863055117267,67,75,36.05,289.739990234375,0.05299528358667096,7,False,False,False,False,True,AI Scanner,"{'c': False, 'a': False, 'n': False, 's': False, 'l': True, 'i': True, 'm': True}",-1,False,98,False,False
233,CECO,8,unknown,unknown,NASDAQ,1.9602873177215763,97,1.8699925247165599,92,95,36.11,78.77999877929688,0.04973162781835616,7,False,False,False,False,True,AI Scanner,"{'c': False, 'a': False, 'n': True, 's': True, 'l': True, 'i': True, 'm': True}",-1,False,96,False,False
234,QXO,8,unknown,unknown,NYSE,1.4420614320516396,89,1.307980931736543,46,86,36.12,25.540000915527344,0.05562700792764819,7,False,False,False,False,True,AI Scanner,"{'c': False, 'a': False, 'n': False, 's': False, 'l': True, 'i': True, 'm': True}",-1,False,85,False,False
235,VSEC,8,Industrials,Aerospace & Defense,NASDAQ,1.460151021898759,90,1.4286899909213164,84,89,36.16,227.77999877929688,0.052999128279729094,7,False,False,False,False,True,AI Scanner,"{'c': False, 'a': False, 'n': True, 's': False, 'l': True, 'i': True, 'm': True}",-1,False,89,False,False
236,ENTA,7,Healthcare,Biotechnology,NASDAQ,1.3885181555428814,87,1.5731498835112567,94,64,36.24,13.510000228881836,0.0545997646682358,3,False,False,True,False,True,AI Scanner,"{'c': False, 'a': False, 'n': False, 's': True, 'l': True, 'i': True, 'm': True}",-1,True,93,False,False
237,TEX,8,Industrials,Farm & Heavy Construction Machinery,NYSE,1.3805017032115972,87,1.1724449444427858,21,57,36.34,68.16999816894531,0.057367100017481465,7,False,False,False,False,True,AI Scanner,"{'c': False, 'a': False, 'n': True, 's': False, 'l': True, 'i': True, 'm': True}",-1,False,75,False,False
238,ASA,8,Financial Services,Asset Management,NYSE,1.8570871406866007,96,1.9472722201478727,94,92,36.5,72.66000366210938,0.0528390520339021,7,False,False,False,False,True,AI Scanner,"{'c': False, 'a': False, 'n': False, 's': False, 'l': True, 'i': True, 'm': True}",-1,False,97,False,False
239,NESR,8,Energy,Oil & Gas Equipment & Services,NASDAQ,2.300654950118644,98,2.1129737302926133,95,74,36.64,24.399999618530273,0.0495726003513028,7,False,False,False,False,True,AI Scanner,"{'c': False, 'a': False, 'n': True, 's': False, 'l': True, 'i': True, 'm': True}",-1,True,98,False,False
240,RCUS,6,Healthcare,Biotechnology,NYSE,1.3713366902150366,87,1.695966625674369,98,19,36.66,18.989999771118164,0.05706010779784194,3,True,False,True,False,True,AI Scanner,"{'c': False, 'a': False, 'n': False, 's': True, 'l': True, 'i': True, 'm': True}",-1,True,94,False,False
241,DY,8,Industrials,Engineering & Construction,NYSE,1.5666693619756855,92,1.4959390061397415,93,85,36.67,429.7300109863281,0.052978448733222425,7,False,False,False,False,True,AI Scanner,"{'c': False, 'a': False, 'n': True, 's': False, 'l': True, 'i': True, 'm': True}",-1,False,91,False,False
242,NBR,8,Energy,Oil & Gas Drilling,NYSE,1.901687747673362,96,1.496199625256737,81,18,36.73,78.19000244140625,0.05207095059300548,7,False,False,False,False,True,AI Scanner,"{'c': False, 'a': False, 'n': True, 's': False, 'l': True, 'i': True, 'm': True}",-1,True,91,False,False
243,PPIH,8,Industrials,Building Products & Equipment,NASDAQ,1.640921045569917,93,1.3887580031247855,85,99,36.79,33.81999969482422,0.051723401574315944,7,False,False,True,False,True,AI Scanner,"{'c': False, 'a': False, 'n': False, 's': True, 'l': True, 'i': True, 'm': True}",-1,False,88,False,False
244,OR,8,Basic Materials,Gold,NYSE,1.4639449531004298,90,1.5228912505217087,88,92,36.8,43.68000030517578,0.050470954666160965,7,True,False,False,False,True,AI Scanner,"{'c': False, 'a': False, 'n': False, 's': True, 'l': True, 'i': True, 'm': True}",-1,True,92,False,False
245,BBLGW,8,Healthcare,Medical Devices,NASDAQ,1.9373502623954735,97,1.0438314706412102,75,1,36.82,31.950000762939453,0.06894701625269085,7,False,False,False,False,True,AI Scanner,"{'c': False, 'a': False, 'n': True, 's': False, 'l': True, 'i': True, 'm': True}",-1,False,57,False,False
246,MLYS,5,unknown,unknown,NASDAQ,1.39606300312236,88,1.7311210107306996,100,75,36.87,27.8799991607666,0.057529725627656354,3,True,False,True,False,True,AI Scanner,"{'c': False, 'a': False, 'n': False, 's': False, 'l': True, 'i': True, 'm': True}",-1,False,95,False,False
247,PRIM,8,Industrials,Engineering & Construction,NYSE,1.629215294451036,93,1.4546087329282982,87,95,36.92,169.36000061035156,0.050387172207195435,7,False,False,False,False,True,AI Scanner,"{'c': False, 'a': False, 'n': True, 's': True, 'l': True, 'i': True, 'm': True}",-1,False,90,False,False
248,HROW,8,Healthcare,Drug Manufacturers—Specialty & Generic,NASDAQ,1.3812925750914127,87,1.1945857598086866,74,73,36.94,52.0,0.05244507108415876,7,False,True,False,False,True,AI Scanner,"{'c': False, 'a': False, 'n': False, 's': True, 'l': True, 'i': True, 'm': True}",-1,False,78,False,False
249,LRCX,8,Technology,Semiconductor Equipment & Materials,NASDAQ,2.0747047557060725,97,1.998011634316985,95,85,36.95,244.9199981689453,0.05147161064109815,7,True,False,False,False,True,AI Scanner,"{'c': False, 'a': False, 'n': True, 's': False, 'l': True, 'i': True, 'm': True}",-1,False,97,False,False
250,INTG,6,Consumer Cyclical,Lodging,NASDAQ,1.455277355805317,90,1.4161844494895213,99,64,37.05,27.75,0.05773486379184011,3,True,False,True,False,True,AI Scanner,"{'c': False, 'a': False, 'n': False, 's': True, 'l': True, 'i': True, 'm': True}",-1,False,89,False,False
251,ALGM,8,Technology,Semiconductors,NASDAQ,1.3685700938032035,86,1.147173756255781,26,85,37.06,38.93000030517578,0.05877032364607505,7,False,False,False,False,True,AI Scanner,"{'c': False, 'a': False, 'n': False, 's': True, 'l': True, 'i': True, 'm': True}",-1,False,73,False,False
252,MPWR,8,Technology,Semiconductors,NASDAQ,1.3996071766266933,88,1.278446109264132,82,81,37.11,1204.0999755859375,0.05372716645191964,7,False,False,False,False,True,AI Scanner,"{'c': False, 'a': False, 'n': True, 's': False, 'l': True, 'i': True, 'm': True}",-1,False,84,False,False
253,LE,8,Consumer Cyclical,Specialty Retail,NASDAQ,1.4203014165213423,88,1.0654416124685435,74,83,37.15,18.920000076293945,0.05095516991928606,7,True,False,False,False,True,AI Scanner,"{'c': False, 'a': False, 'n': False, 's': False, 'l': True, 'i': True, 'm': True}",-1,False,61,False,False
254,MYRG,8,Industrials,Engineering & Construction,NASDAQ,1.4578565019081138,90,1.3320596677788465,85,89,37.18,281.010009765625,0.05111662741980105,7,False,False,False,False,True,AI Scanner,"{'c': False, 'a': False, 'n': True, 's': False, 'l': True, 'i': True, 'm': True}",-1,False,86,False,False
255,CCJ,8,Energy,Uranium,NYSE,1.7003501046237057,94,1.6703206445089038,86,93,37.47,121.3499984741211,0.05462946537501032,7,False,False,False,False,True,AI Scanner,"{'c': False, 'a': False, 'n': False, 's': False, 'l': True, 'i': True, 'm': True}",-1,True,94,False,False
256,AA,8,Basic Materials,Aluminum,NYSE,1.6569385687861642,93,1.7306035626248668,64,28,37.58,60.4900016784668,0.05866847564555549,7,False,False,True,False,True,AI Scanner,"{'c': False, 'a': False, 'n': False, 's': False, 'l': True, 'i': True, 'm': True}",-1,False,95,False,False
257,XPO,8,Industrials,Integrated Freight & Logistics,NYSE,1.504625173373479,91,1.063476983773997,43,45,37.66,209.8699951171875,0.053492324540903725,7,False,False,False,False,True,AI Scanner,"{'c': False, 'a': False, 'n': True, 's': False, 'l': True, 'i': True, 'm': True}",-1,False,60,False,False
258,LIVE,5,Consumer Cyclical,Specialty Retail,NASDAQ,1.3457504137648115,85,1.3725259848274989,5,92,37.67,17.34000015258789,0.06360191299303539,3,True,False,True,False,True,AI Scanner,"{'c': False, 'a': False, 'n': False, 's': False, 'l': True, 'i': True, 'm': True}",-1,False,88,False,False
259,ECG,8,unknown,unknown,NYSE,1.467591313132497,90,1.3059731602565763,85,94,37.73,108.16000366210938,0.051788352912207264,7,False,False,False,False,True,AI Scanner,"{'c': False, 'a': False, 'n': True, 's': False, 'l': True, 'i': True, 'm': True}",-1,False,85,False,False
260,GFI,8,Basic Materials,Gold,NYSE,1.752614875095469,95,1.833074013556368,96,97,37.98,54.09000015258789,0.058407933586970114,7,True,False,False,False,True,AI Scanner,"{'c': False, 'a': False, 'n': False, 's': False, 'l': True, 'i': True, 'm': True}",-1,True,96,False,False
261,OII,8,Energy,Oil & Gas Equipment & Services,NYSE,1.4029158304551448,88,1.1040004046919876,54,53,38.03,34.790000915527344,0.055927391367753695,7,False,False,False,False,True,AI Scanner,"{'c': False, 'a': False, 'n': True, 's': True, 'l': True, 'i': True, 'm': True}",-1,True,67,False,False
262,SCCO,8,Basic Materials,Copper,NYSE,1.796940625553592,95,1.5273427094463052,86,42,38.09,201.00999450683594,0.060194905609072896,7,False,False,False,False,True,AI Scanner,"{'c': False, 'a': False, 'n': False, 's': False, 'l': True, 'i': True, 'm': True}",-1,False,92,False,False
263,KLIC,8,Technology,Semiconductor Equipment & Materials,NASDAQ,1.798173923060227,95,1.4524193568474302,62,30,38.1,70.8499984741211,0.05461236713881023,7,False,False,False,False,True,AI Scanner,"{'c': False, 'a': False, 'n': False, 's': False, 'l': True, 'i': True, 'm': True}",-1,False,90,False,False
264,CELC,7,Healthcare,Diagnostics & Research,NASDAQ,3.8614592911323466,100,5.306972312791396,100,100,38.16,104.79000091552734,0.056299679718950224,4,True,False,True,False,True,AI Scanner,"{'c': False, 'a': False, 'n': False, 's': False, 'l': True, 'i': True, 'm': True}",-1,False,100,False,False
265,FIX,8,Industrials,Engineering & Construction,NYSE,2.188435889102878,98,1.772749218193604,95,96,38.2,1462.22998046875,0.05204085823804942,7,False,True,False,False,True,AI Scanner,"{'c': False, 'a': False, 'n': True, 's': True, 'l': True, 'i': True, 'm': True}",-1,False,95,False,False
266,CGAU,8,Basic Materials,Gold,NYSE,2.0565351297300447,97,2.0279464337679434,95,73,38.23,19.049999237060547,0.055455580859413135,7,True,False,False,False,True,AI Scanner,"{'c': False, 'a': False, 'n': False, 's': True, 'l': True, 'i': True, 'm': True}",-1,True,97,False,False
267,STRT,8,Consumer Cyclical,Auto Parts,NASDAQ,1.3765639465348691,87,1.4281981169562952,84,89,38.26,89.80000305175781,0.05692808593159358,7,False,False,False,False,True,AI Scanner,"{'c': False, 'a': False, 'n': True, 's': True, 'l': True, 'i': True, 'm': True}",-1,False,89,False,False
268,SATS,7,Technology,Communication Equipment,NASDAQ,2.863133143996343,99,3.1767421624901617,98,100,38.32,110.36000061035156,0.05623802055591079,4,True,False,True,False,True,AI Scanner,"{'c': False, 'a': False, 'n': False, 's': False, 'l': True, 'i': True, 'm': True}",-1,False,100,False,False
269,SNCY,8,Industrials,Airlines,NASDAQ,1.5189667951994683,91,1.355021754422054,21,38,38.39,20.479999542236328,0.05660924654857833,7,False,False,False,False,True,AI Scanner,"{'c': False, 'a': False, 'n': False, 's': False, 'l': True, 'i': True, 'm': True}",-1,False,87,False,False
270,NVMI,8,Technology,Semiconductor Equipment & Materials,NASDAQ,1.5946866221922478,92,1.57061634566845,83,84,38.53,441.239990234375,0.05503160245329447,6,False,False,False,False,True,AI Scanner,"{'c': False, 'a': False, 'n': False, 's': False, 'l': True, 'i': True, 'm': True}",-1,False,93,False,False
271,LSCC,8,Technology,Semiconductors,NASDAQ,1.4688339081417525,90,1.3350762107728293,73,85,38.59,97.76000213623047,0.06112638054081671,7,False,False,False,False,True,AI Scanner,"{'c': False, 'a': False, 'n': False, 's': False, 'l': True, 'i': True, 'm': True}",-1,False,86,False,False
272,TAYD,8,Industrials,Specialty Industrial Machinery,NASDAQ,1.9834656592030666,97,1.677064269494908,73,73,38.86,89.94999694824219,0.05591202547472671,7,False,False,False,False,True,AI Scanner,"{'c': False, 'a': False, 'n': True, 's': True, 'l': True, 'i': True, 'm': True}",-1,False,94,False,False
273,XPRO,8,Energy,Oil & Gas Equipment & Services,NYSE,1.40643114205147,88,1.2974264319931599,79,61,39.45,17.790000915527344,0.05412351506950848,7,False,False,False,False,True,AI Scanner,"{'c': False, 'a': False, 'n': True, 's': True, 'l': True, 'i': True, 'm': True}",-1,True,85,False,False
274,ARCB,8,Industrials,Trucking,NASDAQ,1.4177454084255698,88,1.0639149650632644,11,16,39.55,105.08999633789062,0.053905903675434304,7,False,False,False,False,True,AI Scanner,"{'c': False, 'a': False, 'n': False, 's': False, 'l': True, 'i': True, 'm': True}",-1,False,61,False,False
275,EWTX,8,Healthcare,Biotechnology,NASDAQ,1.3964546656248995,88,1.6461876771641057,84,4,39.55,29.309999465942383,0.06003071522079576,7,False,False,False,False,True,AI Scanner,"{'c': False, 'a': False, 'n': False, 's': False, 'l': True, 'i': True, 'm': True}",-1,True,94,False,False
276,HBM,8,Basic Materials,Copper,NYSE,2.0939556953313656,97,2.0644174854554613,94,89,39.62,24.979999542236328,0.06459453984302584,7,False,False,False,False,True,AI Scanner,"{'c': False, 'a': False, 'n': False, 's': True, 'l': True, 'i': True, 'm': True}",-1,False,98,False,False
277,NBTX,8,Healthcare,Biotechnology,NASDAQ,3.1441320353221465,100,3.133892975433739,100,99,39.7,24.780000686645508,0.06596621032917553,7,False,False,False,False,True,AI Scanner,"{'c': False, 'a': False, 'n': False, 's': True, 'l': True, 'i': True, 'm': True}",-1,True,99,False,False
278,VSCO,8,Consumer Cyclical,Apparel Retail,NYSE,2.131453530867045,98,2.134521895375449,91,13,39.7,64.37000274658203,0.05541733720952185,7,False,False,False,False,True,AI Scanner,"{'c': False, 'a': False, 'n': True, 's': True, 'l': True, 'i': True, 'm': True}",-1,False,98,False,False
279,PACS,8,unknown,unknown,NYSE,2.65494571181221,99,2.694633876710133,98,8,39.82,38.68000030517578,0.05824716944421316,7,False,False,True,False,True,AI Scanner,"{'c': False, 'a': False, 'n': False, 's': False, 'l': True, 'i': True, 'm': True}",-1,False,99,False,False
280,SBSW,7,Basic Materials,Gold,NYSE,2.0967765411966326,97,2.4293731453740333,98,94,39.91,15.9399995803833,0.06954651332071003,4,True,False,True,False,True,AI Scanner,"{'c': False, 'a': False, 'n': False, 's': False, 'l': True, 'i': True, 'm': True}",-1,True,99,False,False
281,WVE,6,Healthcare,Biotechnology,NASDAQ,1.5877294404263642,92,1.5655111455614636,7,85,40.07,13.489999771118164,0.059091390642599564,4,True,False,True,False,True,AI Scanner,"{'c': False, 'a': False, 'n': False, 's': False, 'l': True, 'i': True, 'm': True}",-1,True,93,False,False
282,EGO,8,Basic Materials,Gold,NYSE,1.7993455950782422,95,1.9610665400868212,90,89,40.13,43.0,0.07377075119272024,6,False,False,True,False,True,AI Scanner,"{'c': False, 'a': False, 'n': False, 's': True, 'l': True, 'i': True, 'm': True}",-1,True,97,False,False
283,GLW,8,Technology,Electronic Components,NYSE,2.0231465332071896,97,1.3988086036899097,91,90,40.41,139.50999450683594,0.053554793932902606,7,False,False,False,False,True,AI Scanner,"{'c': False, 'a': False, 'n': True, 's': False, 'l': True, 'i': True, 'm': True}",-1,False,88,False,False
284,EDRY,8,Industrials,Marine Shipping,NASDAQ,1.4940800050654708,91,1.0765883594708803,78,39,40.44,18.5,0.052482630755450274,7,False,True,False,False,True,AI Scanner,"{'c': False, 'a': False, 'n': True, 's': True, 'l': True, 'i': True, 'm': True}",-1,False,63,False,False
285,ENTG,8,Technology,Semiconductor Equipment & Materials,NASDAQ,1.5328881363785123,91,1.2011731998908919,13,22,40.52,134.49000549316406,0.05653100473553581,7,False,False,False,False,True,AI Scanner,"{'c': False, 'a': False, 'n': True, 's': False, 'l': True, 'i': True, 'm': True}",-1,False,78,False,False
286,AGI,8,Basic Materials,Gold,NYSE,1.5248279349220908,91,1.410121222044193,87,86,40.86,47.84000015258789,0.05811035927811593,7,False,False,False,False,True,AI Scanner,"{'c': False, 'a': False, 'n': True, 's': False, 'l': True, 'i': True, 'm': True}",-1,True,89,False,False
287,BLTE,8,unknown,unknown,NASDAQ,2.08894739679365,97,2.0557530723355573,96,44,40.93,180.9499969482422,0.05898828221593736,7,False,False,False,False,True,AI Scanner,"{'c': False, 'a': False, 'n': False, 's': False, 'l': True, 'i': True, 'm': True}",-1,False,98,False,False
288,AEIS,8,Industrials,Electrical Equipment & Parts,NASDAQ,1.9751473645657016,97,1.764906607790669,92,87,41.03,331.2300109863281,0.05415744585328448,7,False,False,False,False,True,AI Scanner,"{'c': False, 'a': False, 'n': True, 's': False, 'l': True, 'i': True, 'm': True}",-1,False,95,False,False
289,MTSI,8,Technology,Semiconductors,NASDAQ,1.619445322055615,93,1.544407236103386,84,61,41.16,243.58999633789062,0.05622151041047059,7,False,False,False,False,True,AI Scanner,"{'c': False, 'a': False, 'n': True, 's': False, 'l': True, 'i': True, 'm': True}",-1,False,92,False,False
290,ESTA,8,Healthcare,Medical Devices,NASDAQ,1.5189148126000973,91,1.4819719592916396,95,34,41.16,76.0,0.05572368507098434,7,False,False,True,False,True,AI Scanner,"{'c': False, 'a': False, 'n': True, 's': True, 'l': True, 'i': True, 'm': True}",-1,False,91,False,False
291,PRAX,8,Healthcare,Biotechnology,NASDAQ,4.233309645898343,100,3.5460312321610488,100,31,41.17,335.2799987792969,0.05878283109259798,7,False,False,False,False,True,AI Scanner,"{'c': False, 'a': False, 'n': True, 's': True, 'l': True, 'i': True, 'm': True}",-1,True,100,False,False
292,PAAS,8,Basic Materials,Silver,NYSE,1.9031536577165074,96,1.9189291457695374,89,90,41.18,64.69999694824219,0.058589090730098214,7,True,False,False,False,True,AI Scanner,"{'c': False, 'a': False, 'n': False, 's': True, 'l': True, 'i': True, 'm': True}",-1,True,96,False,False
293,INTC,8,Technology,Semiconductors,NASDAQ,1.4789283448871247,90,1.8471371102312033,92,69,41.19,44.11000061035156,0.06370437479068398,6,True,False,True,False,True,AI Scanner,"{'c': False, 'a': False, 'n': False, 's': False, 'l': True, 'i': True, 'm': True}",-1,False,96,False,False
294,ORN,8,Industrials,Engineering & Construction,NYSE,1.5644823895060718,92,1.4364045063999913,75,22,41.21,13.890000343322754,0.05985807859180511,7,False,False,False,False,True,AI Scanner,"{'c': False, 'a': False, 'n': False, 's': False, 'l': True, 'i': True, 'm': True}",-1,False,90,False,False
295,ARWR,7,Healthcare,Biotechnology,NASDAQ,2.4144751515213514,99,2.9370720403284873,98,75,41.28,63.59000015258789,0.06059017522077797,3,True,False,True,False,True,AI Scanner,"{'c': False, 'a': False, 'n': False, 's': False, 'l': True, 'i': True, 'm': True}",-1,True,99,False,False
296,VIAV,8,Technology,Communication Equipment,NASDAQ,2.0343535773679027,97,1.536836693948227,93,71,41.31,27.530000686645508,0.057391941764493706,7,False,False,False,False,True,AI Scanner,"{'c': False, 'a': False, 'n': True, 's': False, 'l': True, 'i': True, 'm': True}",-1,False,92,False,False
297,GHM,8,Industrials,Specialty Industrial Machinery,NYSE,1.6305998836657611,93,1.4096375126438332,84,84,41.43,81.01000213623047,0.06350186926013603,7,False,False,False,False,True,AI Scanner,"{'c': False, 'a': False, 'n': False, 's': False, 'l': True, 'i': True, 'm': True}",-1,False,89,False,False
298,BELFA,8,Technology,Electronic Components,NASDAQ,2.047571578249636,97,1.75339829038829,86,92,41.49,216.00999450683594,0.05931272507879987,7,False,False,False,False,True,AI Scanner,"{'c': False, 'a': False, 'n': False, 's': False, 'l': True, 'i': True, 'm': True}",-1,False,95,False,False
299,ORKA,8,unknown,unknown,NASDAQ,1.8536513546922682,96,1.9845774746228886,98,66,41.58,32.34000015258789,0.059170406307384016,6,True,False,True,False,True,AI Scanner,"{'c': False, 'a': False, 'n': False, 's': True, 'l': True, 'i': True, 'm': True}",-1,False,97,False,False
300,HSAI,8,unknown,unknown,NASDAQ,1.3576389575668837,86,1.377001165568811,79,100,41.72,27.760000228881836,0.060081299851408004,7,False,False,False,False,True,AI Scanner,"{'c': False, 'a': False, 'n': False, 's': False, 'l': True, 'i': True, 'm': True}",-1,False,88,False,False
301,TNGX,8,Healthcare,Biotechnology,NASDAQ,2.8441810648184846,99,2.878481588821531,99,99,41.76,12.199999809265137,0.06416862507710774,7,False,False,False,False,True,AI Scanner,"{'c': False, 'a': False, 'n': False, 's': False, 'l': True, 'i': True, 'm': True}",-1,True,99,False,False
302,GPCR,6,unknown,unknown,NASDAQ,2.288414217058353,98,3.43198974880247,93,3,41.87,66.55000305175781,0.07155629847637796,4,True,False,True,False,True,AI Scanner,"{'c': False, 'a': False, 'n': False, 's': True, 'l': True, 'i': True, 'm': True}",-1,False,100,False,False
303,SIFY,8,Communication Services,Telecom Services,NASDAQ,1.9301791737547422,96,2.4017882941477664,97,99,41.91,15.65999984741211,0.05920452756059642,7,True,False,False,False,True,AI Scanner,"{'c': False, 'a': False, 'n': False, 's': False, 'l': True, 'i': True, 'm': True}",-1,False,98,False,False
304,USAU,7,Basic Materials,Gold,NASDAQ,1.348737982418322,85,1.5994927216065107,92,93,42.11,17.799999237060547,0.05605939734944658,4,True,False,True,False,True,AI Scanner,"{'c': False, 'a': False, 'n': False, 's': False, 'l': True, 'i': True, 'm': True}",-1,True,93,False,False
305,BTU,8,Energy,Thermal Coal,NYSE,1.6371567839569123,93,1.7910967882164965,93,39,42.14,33.529998779296875,0.06485662517258861,5,False,False,True,True,True,AI Scanner,"{'c': False, 'a': False, 'n': False, 's': False, 'l': True, 'i': True, 'm': True}",-1,False,95,False,False
306,KALU,8,Basic Materials,Aluminum,NASDAQ,1.4954065141907795,91,1.6217354501923034,81,49,42.17,129.02000427246094,0.06960164853847098,6,False,False,True,False,True,AI Scanner,"{'c': False, 'a': False, 'n': False, 's': True, 'l': True, 'i': True, 'm': True}",-1,False,94,False,False
307,MOD,8,Consumer Cyclical,Auto Parts,NYSE,1.74868576091238,95,1.135821807790824,83,89,42.32,226.36000061035156,0.05707090628830688,7,False,False,False,False,True,AI Scanner,"{'c': False, 'a': False, 'n': True, 's': False, 'l': True, 'i': True, 'm': True}",-1,False,71,False,False
308,EQX,8,Basic Materials,Gold,NYSE MKT,1.7289775313710014,94,1.8710460840219594,96,86,42.33,16.809999465942383,0.06301520965914964,7,False,False,False,False,True,AI Scanner,"{'c': False, 'a': False, 'n': True, 's': False, 'l': True, 'i': True, 'm': True}",-1,True,96,False,False
309,IMNM,7,Healthcare,Biotechnology,NASDAQ,1.6892162289123995,94,1.956438673536577,97,24,42.47,21.5,0.06943521467950257,4,True,False,True,False,True,AI Scanner,"{'c': False, 'a': False, 'n': False, 's': False, 'l': True, 'i': True, 'm': True}",-1,True,97,False,False
310,KSS,7,Consumer Cyclical,Department Stores,NYSE,1.4306505040606512,89,1.314500157895317,88,88,42.5,18.780000686645508,0.061615701242299675,4,False,False,True,False,True,AI Scanner,"{'c': False, 'a': False, 'n': False, 's': True, 'l': True, 'i': True, 'm': True}",-1,False,86,False,False
311,PDFS,8,Technology,Software—Application,NASDAQ,1.3369568663075464,85,1.2747926755810202,74,11,42.51,32.43000030517578,0.059336589518514,7,False,False,True,False,True,AI Scanner,"{'c': False, 'a': False, 'n': False, 's': False, 'l': True, 'i': True, 'm': True}",-1,False,83,False,False
312,ONTO,8,Technology,Semiconductors,NYSE,1.619630257669665,93,1.4833540143724955,58,9,42.69,216.41000366210938,0.060278430615637084,7,False,False,False,False,True,AI Scanner,"{'c': False, 'a': False, 'n': False, 's': True, 'l': True, 'i': True, 'm': True}",-1,False,91,False,False
313,GSAT,7,Communication Services,Telecom Services,NASDAQ,1.838629578678239,96,2.0083293075291624,99,87,42.71,60.099998474121094,0.05735679483741509,4,True,False,True,False,True,AI Scanner,"{'c': False, 'a': False, 'n': False, 's': True, 'l': True, 'i': True, 'm': True}",-1,False,97,False,False
314,LBRT,8,Energy,Oil & Gas Equipment & Services,NYSE,1.7619766705770874,95,1.3110137568241282,84,4,42.77,26.850000381469727,0.05969406960514312,7,False,False,False,False,True,AI Scanner,"{'c': False, 'a': False, 'n': True, 's': False, 'l': True, 'i': True, 'm': True}",-1,True,85,False,False
315,AMLX,8,unknown,unknown,NASDAQ,1.8087421980441842,95,2.0871046279532486,99,99,42.78,14.010000228881836,0.06436728761978668,6,True,False,True,False,True,AI Scanner,"{'c': False, 'a': False, 'n': False, 's': False, 'l': True, 'i': True, 'm': True}",-1,False,98,False,False
316,SKE,8,unknown,unknown,NYSE,2.192487895776133,98,2.024587507737381,92,93,42.78,35.099998474121094,0.06257631917810955,7,False,False,False,False,True,AI Scanner,"{'c': False, 'a': False, 'n': True, 's': False, 'l': True, 'i': True, 'm': True}",-1,False,97,False,False
317,APGE,7,unknown,unknown,NASDAQ,1.3934671796506988,87,1.6222944940553807,96,21,42.84,68.38999938964844,0.05657886235850527,3,True,False,True,False,True,AI Scanner,"{'c': False, 'a': False, 'n': False, 's': False, 'l': True, 'i': True, 'm': True}",-1,False,94,False,False
318,PLAB,8,Technology,Semiconductor Equipment & Materials,NASDAQ,1.655100276864411,93,1.5117082828566495,34,70,42.9,38.0,0.06114660707631506,7,False,False,False,False,True,AI Scanner,"{'c': False, 'a': False, 'n': True, 's': False, 'l': True, 'i': True, 'm': True}",-1,False,91,False,False
319,BELFB,8,Technology,Electronic Components,NASDAQ,1.9826406536042196,97,1.758699603615507,92,96,42.91,235.0399932861328,0.06144546610854413,7,False,False,False,False,True,AI Scanner,"{'c': False, 'a': False, 'n': False, 's': True, 'l': True, 'i': True, 'm': True}",-1,False,95,False,False
320,ORLA,8,Basic Materials,Gold,NYSE MKT,1.6613539960584083,94,1.690883432342872,92,95,42.93,18.690000534057617,0.061094559601260784,7,True,False,False,False,True,AI Scanner,"{'c': False, 'a': False, 'n': False, 's': False, 'l': True, 'i': True, 'm': True}",-1,True,94,False,False
321,COHU,8,Technology,Semiconductor Equipment & Materials,NASDAQ,1.4174456836100167,88,1.3081612175844197,64,27,42.93,31.559999465942383,0.06405033432000841,7,False,False,False,False,True,AI Scanner,"{'c': False, 'a': False, 'n': False, 's': False, 'l': True, 'i': True, 'm': True}",-1,False,85,False,False
322,MRCY,8,Industrials,Aerospace & Defense,NASDAQ,1.411355748724063,88,1.5807989068073631,86,93,43.05,87.62999725341797,0.06846155140628883,7,False,False,True,False,True,AI Scanner,"{'c': False, 'a': False, 'n': False, 's': False, 'l': True, 'i': True, 'm': True}",-1,False,93,False,False
323,UI,8,Technology,Communication Equipment,NYSE,1.603931219280021,93,1.0706273923733818,85,95,43.3,750.3200073242188,0.0556200096922293,7,False,False,False,False,True,AI Scanner,"{'c': False, 'a': False, 'n': False, 's': True, 'l': True, 'i': True, 'm': True}",-1,False,62,False,False
324,CAMT,8,Technology,Semiconductor Equipment & Materials,NASDAQ,1.6076881029203358,93,1.3317021876795045,80,73,43.43,148.10000610351562,0.0660219972059947,6,False,False,False,False,True,AI Scanner,"{'c': False, 'a': False, 'n': False, 's': True, 'l': True, 'i': True, 'm': True}",-1,False,86,False,False
325,TERN,8,Healthcare,Biotechnology,NASDAQ,5.476368046711587,100,6.059675262429122,100,96,43.57,39.22999954223633,0.060056082343230156,6,False,False,True,False,True,AI Scanner,"{'c': False, 'a': False, 'n': False, 's': False, 'l': True, 'i': True, 'm': True}",-1,True,100,False,False
326,VRT,8,Industrials,Electrical Equipment & Parts,NYSE,1.7032230194670501,94,1.2323046705912961,88,84,43.65,243.75,0.0652328144674336,7,False,False,False,False,True,AI Scanner,"{'c': False, 'a': False, 'n': True, 's': False, 'l': True, 'i': True, 'm': True}",-1,False,81,False,False
327,TER,8,Technology,Semiconductor Equipment & Materials,NASDAQ,2.4604335939749444,99,1.8797838580448556,93,74,43.69,324.8500061035156,0.06084193683539622,7,False,False,False,False,True,AI Scanner,"{'c': False, 'a': False, 'n': True, 's': False, 'l': True, 'i': True, 'm': True}",-1,False,96,False,False
328,CMCL,7,Basic Materials,Gold,NYSE MKT,1.4284820061435655,89,1.4908412159397826,96,98,43.74,30.219999313354492,0.06667769173229449,6,True,False,True,False,True,AI Scanner,"{'c': False, 'a': False, 'n': False, 's': False, 'l': True, 'i': True, 'm': True}",-1,True,91,False,False
329,MKSI,8,Technology,Scientific & Technical Instruments,NASDAQ,2.1094896034827064,98,1.8820512449190887,91,62,43.86,259.2699890136719,0.06179161609591662,7,False,False,False,False,True,AI Scanner,"{'c': False, 'a': False, 'n': True, 's': False, 'l': True, 'i': True, 'm': True}",-1,False,96,False,False
330,RAIL,8,Industrials,Railroads,NASDAQ,1.613932457621705,93,1.1016683432920933,25,56,43.96,13.899999618530273,0.060431652610212556,7,False,False,False,False,True,AI Scanner,"{'c': False, 'a': False, 'n': True, 's': False, 'l': True, 'i': True, 'm': True}",-1,False,67,False,False
331,TCMD,7,Healthcare,Medical Devices,NASDAQ,1.6844706819533286,94,1.9339472492398626,97,44,44.0,28.719999313354492,0.07629327827423123,4,False,False,True,False,True,AI Scanner,"{'c': False, 'a': False, 'n': False, 's': True, 'l': True, 'i': True, 'm': True}",-1,False,96,False,False
332,NXT,8,unknown,unknown,NASDAQ,1.629027333053408,93,1.616181003694634,95,91,44.08,119.33999633789062,0.06371412705852922,7,False,False,False,False,True,AI Scanner,"{'c': False, 'a': False, 'n': False, 's': False, 'l': True, 'i': True, 'm': True}",-1,False,93,False,False
333,AGX,8,Industrials,Engineering & Construction,NYSE,1.7601006715294147,95,1.642385389110399,97,96,44.17,437.6099853515625,0.061543709894040906,7,False,False,False,False,True,AI Scanner,"{'c': False, 'a': False, 'n': True, 's': False, 'l': True, 'i': True, 'm': True}",-1,False,94,False,False
334,CNL,8,unknown,unknown,NYSE MKT,1.71783884303683,94,1.6869099535434318,88,99,44.24,17.420000076293945,0.07038707680428666,7,True,False,False,False,True,AI Scanner,"{'c': False, 'a': False, 'n': False, 's': False, 'l': True, 'i': True, 'm': True}",-1,False,94,False,False
335,BWAY,8,Healthcare,Medical Devices,NASDAQ,1.6698512245901602,94,1.7576927506445896,83,94,44.31,24.1200008392334,0.06501717918488051,7,False,False,False,False,True,AI Scanner,"{'c': False, 'a': False, 'n': False, 's': False, 'l': True, 'i': True, 'm': True}",-1,False,95,False,False
336,ALGT,8,Industrials,Airlines,NASDAQ,1.5890158378068666,92,1.3105221799686615,43,42,44.47,107.62000274658203,0.06739984126071534,7,False,False,False,False,True,AI Scanner,"{'c': False, 'a': False, 'n': False, 's': False, 'l': True, 'i': True, 'm': True}",-1,False,85,False,False
337,OIS,8,Energy,Oil & Gas Equipment & Services,NYSE,2.118941008450631,98,1.4491252743985883,78,62,44.55,12.529999732971191,0.052160525234809005,7,False,True,False,False,True,AI Scanner,"{'c': False, 'a': False, 'n': True, 's': True, 'l': True, 'i': True, 'm': True}",-1,True,90,False,False
338,SOGP,7,unknown,unknown,NASDAQ,4.608631678895977,100,2.9034071996750033,100,100,44.7,14.319999694824219,0.0661861549091357,7,True,False,True,False,True,AI Scanner,"{'c': False, 'a': False, 'n': False, 's': False, 'l': True, 'i': True, 'm': True}",-1,False,99,False,False
339,WLDN,8,Industrials,Engineering & Construction,NASDAQ,1.7094843809336355,94,1.9771610892661622,95,100,44.91,119.0,0.06303122292618218,7,False,False,True,False,True,AI Scanner,"{'c': False, 'a': False, 'n': False, 's': False, 'l': True, 'i': True, 'm': True}",-1,False,97,False,False
340,NXE,8,Energy,Uranium,NYSE,1.6668234356357514,94,1.565048417415898,68,70,44.95,12.380000114440918,0.06206438331623722,7,True,False,False,False,True,AI Scanner,"{'c': False, 'a': False, 'n': False, 's': False, 'l': True, 'i': True, 'm': True}",-1,True,93,False,False
