Rank,Ticker,Minervini,Sector,Industry,Universe,Relative Strength,Percentile,RS_1W,1 Month Ago,3 Months Ago,6 Months Ago,RMV,Close,ATR% (14),PTC,Contraction,Confirmed Breakout,Not Extended,Flip Setup,SPY Trend OK,Source,CANSLIM,DaysToEarnings,is_speculative,Name,Commentary,Commentary_Text,Stage,label,date,low_signal,marketCap,volume,avg_volume,is_up,rs_1w_pct,rs_1m_pct,Candidate High-Win,Candidate Flip
1,SNDK,8,Technology,Computer Hardware,Nasdaq 100,10.688366970926625,100.0,10.080657916785885,6.71681034782212,100.0,100.0,41.82,989.9000244140625,0.06323589253605935,7,False,False,False,False,True,AI Scanner,"{'c': True, 'a': False, 'n': True, 's': False, 'l': True, 'i': True, 'm': True}",-1,False,Sandisk Corporation,Upward,"Strong bull trend, trending above MA50 & MA200.",2,,,False,131618734080.0,11603800.0,17067920.0,True,100.0,100.0,False,False
2,WDC,8,Technology,Computer Hardware,Nasdaq 100,3.8224401797688357,99.39393939393939,3.701540002012391,3.1023386854753623,98.7878787878788,98.18181818181819,33.6,404.0,0.048078151201089,7,True,False,False,False,True,AI Scanner,"{'c': False, 'a': True, 'n': True, 's': False, 'l': True, 'i': True, 'm': True}",-1,False,Western Digital Corporation,Upward,"Strong bull trend, trending above MA50 & MA200.",2,,,False,95629238272.0,5593900.0,9733960.0,True,98.7878787878788,98.7878787878788,False,False
3,PL,8,Industrials,Aerospace & Defense,Manual Tip,3.5872731854513584,98.7878787878788,3.8163816691835932,3.7103511021255646,99.39393939393939,98.7878787878788,60.83,35.439998626708984,0.09346378861421997,7,True,False,False,False,True,AlphaCharts,"{'c': True, 'a': False, 'n': False, 's': False, 'l': True, 'i': True, 'm': True}",-1,True,Planet Labs PBC,Upward,"Strong bull trend, trending above MA50 & MA200.",2,AlphaCharts 2-22-2026,2026-02-24,False,8428334080.0,10620800.0,9004500.0,False,99.39393939393939,99.39393939393939,False,False
4,STX,8,Technology,Computer Hardware,Nasdaq 100,2.8965530445207275,98.18181818181819,2.867781291068715,2.193358984714197,97.57575757575758,97.57575757575758,31.22,586.25,0.04488576702544357,7,True,False,False,False,True,AI Scanner,"{'c': True, 'a': False, 'n': True, 's': False, 'l': True, 'i': True, 'm': True}",-1,False,Seagate Technology Holdings plc,Upward,"Strong bull trend, trending above MA50 & MA200.",2,,,False,88938921984.0,2698800.0,3162910.0,False,98.18181818181819,96.96969696969697,False,False
5,MU,8,Technology,Semiconductors,Nasdaq 100,2.7093601252828505,97.57575757575758,2.564916749376555,2.1961729926940357,98.18181818181819,96.96969696969697,34.3,496.7200012207031,0.05034742550766399,7,True,False,False,False,True,AlphaCharts,"{'c': True, 'a': True, 'n': True, 's': False, 'l': False, 'i': True, 'm': True}",-1,False,"Micron Technology, Inc.",Upward,"Strong bull trend, trending above MA50 & MA200.",2,AlphaCharts 2-22-2026,2026-02-24,False,464126246912.0,35308200.0,29634200.0,True,96.96969696969697,97.57575757575758,False,False
6,VSAT,8,Technology,Communication Equipment,Manual Tip,2.701210329164539,96.96969696969697,2.6797773154462003,2.266100878570635,96.96969696969697,99.39393939393939,36.1,61.9900016784668,0.04967390550133695,7,True,False,False,False,True,AlphaCharts,"{'c': False, 'a': False, 'n': True, 's': False, 'l': False, 'i': True, 'm': True}",-1,True,"Viasat, Inc.",Upward,"Strong bull trend, trending above MA50 & MA200.",2,AlphaCharts 2-22-2026,2026-02-24,False,6509040640.0,1358700.0,1659010.0,False,97.57575757575758,98.18181818181819,False,False
7,INTC,8,Technology,Semiconductors,Nasdaq 100,2.4438492844173942,96.36363636363636,1.9518340248782629,1.4807264236508781,90.9090909090909,93.93939393939394,36.84,82.54000091552734,0.05498632715804159,7,False,True,False,False,True,memory,"{'c': False, 'a': False, 'n': True, 's': True, 'l': True, 'i': True, 'm': True}",-1,False,Intel Corporation,Upward,"Strong bull trend, trending above MA50 & MA200.",2,Test,2026-02-23,False,227830087680.0,280509900.0,74665460.0,True,96.36363636363636,90.9090909090909,False,False
8,MRVL,8,Technology,Semiconductors,Nasdaq 100,1.977765904183639,95.75757575757575,1.6915111229493864,1.2053849529401548,31.515151515151512,45.45454545454545,33.6,164.30999755859375,0.045832813720720664,7,False,False,False,False,True,AI Scanner,"{'c': True, 'a': True, 'n': True, 's': True, 'l': True, 'i': True, 'm': True}",-1,False,"Marvell Technology, Inc.",Upward,"Strong bull trend, trending above MA50 & MA200.",2,,,False,69281292288.0,37528300.0,10495450.0,False,93.93939393939394,73.33333333333333,False,False
9,LRCX,8,Technology,Semiconductor Equipment & Materials,Nasdaq 100,1.8733604860056028,95.15151515151516,1.8894687860374981,1.747071269885479,95.15151515151516,93.33333333333333,24.24,267.7799987792969,0.043068421968208453,7,False,False,False,False,True,AI Scanner,"{'c': True, 'a': True, 'n': True, 's': True, 'l': False, 'i': True, 'm': True}",-1,False,Lam Research Corporation,Upward,"Strong bull trend, trending above MA50 & MA200.",2,,,False,293772853248.0,12293800.0,9444820.0,True,95.75757575757575,96.36363636363636,False,False
10,AMD,8,Technology,Semiconductors,Nasdaq 100,1.739847283626439,94.54545454545455,1.4584394929475983,1.249938780372947,86.06060606060606,95.75757575757575,27.62,347.80999755859375,0.039549502122518905,7,False,True,False,False,True,AI Scanner,"{'c': True, 'a': False, 'n': True, 's': True, 'l': True, 'i': True, 'm': True}",-1,False,"Advanced Micro Devices, Inc.",Upward,"Strong bull trend, trending above MA50 & MA200.",2,,,False,326424559616.0,81429300.0,37805560.0,True,89.0909090909091,80.0,False,False
11,MPWR,8,Technology,Semiconductors,Nasdaq 100,1.7139263882050986,93.93939393939394,1.588184135200411,1.2984364231736247,83.63636363636363,86.66666666666667,23.59,1632.06005859375,0.03347215969696904,7,False,False,False,False,True,AI Scanner,"{'c': True, 'a': True, 'n': True, 's': True, 'l': True, 'i': True, 'm': True}",-1,False,"Monolithic Power Systems, Inc.",Upward,"Strong bull trend, trending above MA50 & MA200.",2,,,False,55661723648.0,692300.0,487470.0,True,93.33333333333333,82.42424242424242,False,False
12,IRDM,7,Communication Services,Telecom Services,Manual Tip,1.6755079803863515,93.33333333333333,1.7766697073706617,1.3892179764296988,26.666666666666668,0.6060606060606061,45.83,38.959999084472656,0.06965019188884448,6,False,False,False,False,True,AlphaCharts,"{'c': False, 'a': True, 'n': False, 's': True, 'l': True, 'i': True, 'm': True}",-1,False,Iridium Communications Inc.,Upward,"Strong bull trend, trending above MA50 & MA200.",2,AlphaCharts 2-22-2026,2026-02-24,False,2509516032.0,3459500.0,2756550.0,False,95.15151515151516,86.06060606060606,False,False
13,AMAT,8,Technology,Semiconductor Equipment & Materials,Nasdaq 100,1.6727044894924432,92.72727272727272,1.5874356179883544,1.6443203187800142,90.30303030303031,77.57575757575758,19.19,417.0400085449219,0.031977059046078574,7,True,False,False,False,True,AI Scanner,"{'c': True, 'a': True, 'n': True, 's': True, 'l': False, 'i': True, 'm': True}",-1,False,"Applied Materials, Inc.",Upward,"Strong bull trend, trending above MA50 & MA200.",2,,,False,295460929536.0,6158300.0,8638880.0,True,92.72727272727272,95.75757575757575,False,False
14,USO,8,unknown,unknown,Market Pulse,1.6413263723319838,92.12121212121212,1.4643651731417673,1.592782439171828,41.81818181818181,24.242424242424242,31.99,132.39999389648438,0.06183103056990197,7,False,False,False,False,True,AI Scanner,"{'c': False, 'a': False, 'n': False, 's': False, 'l': False, 'i': True, 'm': True}",-1,True,"United States Oil Fund, LP",Upward,"Strong bull trend, trending above MA50 & MA200.",2,,,True,9760244736.0,14190100.0,10094790.0,False,90.30303030303031,94.54545454545455,False,False
15,ARM,7,Technology,Semiconductors,Nasdaq 100,1.6279796969682958,91.51515151515152,1.2206367709035972,1.2345779283109874,3.6363636363636362,63.030303030303024,41.54,234.80999755859375,0.049999379871190706,6,False,True,False,False,True,Breakout Scanner,"{'c': True, 'a': False, 'n': True, 's': True, 'l': False, 'i': True, 'm': True}",-1,False,Arm Holdings plc,Upward,"Strong bull trend, trending above MA50 & MA200.",2,High Growth Breakouts,2026-02-21,False,135351713792.0,20450600.0,3936200.0,True,76.36363636363637,76.96969696969697,False,False
16,KLAC,8,Technology,Semiconductor Equipment & Materials,Nasdaq 100,1.6091071940743895,90.9090909090909,1.4973806389601387,1.4295940217317713,89.6969696969697,87.27272727272727,20.12,1935.0,0.0328778024351698,7,True,True,False,False,True,AI Scanner,"{'c': True, 'a': True, 'n': True, 's': True, 'l': True, 'i': True, 'm': True}",-1,False,KLA Corporation,Upward,"Strong bull trend, trending above MA50 & MA200.",2,,,False,200314191872.0,1143100.0,828000.0,True,90.9090909090909,89.6969696969697,False,False
17,HBM,8,Basic Materials,Copper,Manual Tip,1.590694188520788,90.30303030303031,1.726262916461903,1.416800290290901,95.75757575757575,94.54545454545455,27.42,24.350000381469727,0.04904665524629801,7,True,False,True,True,True,AlphaCharts,"{'c': True, 'a': True, 'n': False, 's': False, 'l': True, 'i': True, 'm': True}",-1,False,Hudbay Minerals Inc.,Upward,"Strong bull trend, trending above MA50 & MA200.",2,AlphaCharts 2-22-2026,2026-02-24,False,11012931584.0,4011300.0,6805750.0,True,94.54545454545455,89.0909090909091,False,False
18,AA,8,Basic Materials,Aluminum,Manual Tip,1.5101308594274299,89.6969696969697,1.5230381743661465,1.5017212013138388,91.51515151515152,67.27272727272727,26.32,66.01000213623047,0.04476052210239999,6,True,False,True,True,True,AlphaCharts,"{'c': False, 'a': True, 'n': False, 's': False, 'l': False, 'i': True, 'm': True}",-1,False,Alcoa Corporation,Upward,"Strong bull trend, trending above MA50 & MA200.",2,AlphaCharts 2-22-2026,2026-02-24,False,15902981120.0,2422400.0,6727380.0,True,91.51515151515152,92.12121212121212,False,False
19,WFRD,8,Energy,Oil & Gas Equipment & Services,Manual Tip,1.4991721951711243,89.0909090909091,1.4607123006871106,1.4809276290952598,84.84848484848484,72.72727272727273,32.23,108.54000091552734,0.04480967860053661,7,False,False,False,False,True,YourTube,"{'c': False, 'a': True, 'n': True, 's': True, 'l': False, 'i': True, 'm': True}",-1,True,Weatherford International plc,Upward,"Strong bull trend, trending above MA50 & MA200.",2,Alphacharts 2-28-2026,2026-03-02,False,7665071104.0,1463400.0,1039870.0,True,89.6969696969697,91.51515151515152,False,False
20,SMH,8,unknown,unknown,Market Pulse,1.4480129712255136,88.48484848484848,1.3330636167713557,1.246982406759125,82.42424242424242,80.60606060606061,14.71,506.44000244140625,0.025040334374890404,7,False,True,False,False,True,AI Scanner,"{'c': False, 'a': False, 'n': True, 's': True, 'l': True, 'i': True, 'm': True}",-1,True,VanEck Semiconductor ETF,Upward,"Strong bull trend, trending above MA50 & MA200.",2,,,True,4742703616.0,12567400.0,7463260.0,True,83.63636363636363,79.39393939393939,False,False
21,ADI,8,Technology,Semiconductors,Nasdaq 100,1.4479991705417694,87.87878787878788,1.354286438401434,1.2566713475844393,81.81818181818183,41.21212121212121,16.84,399.57000732421875,0.028165997230604492,7,False,False,False,False,True,AI Scanner,"{'c': True, 'a': False, 'n': True, 's': True, 'l': True, 'i': True, 'm': True}",-1,False,"Analog Devices, Inc.",Upward,"Strong bull trend, trending above MA50 & MA200.",2,,,False,174214037504.0,4512300.0,4977940.0,False,84.24242424242424,80.60606060606061,False,False
22,WBD,7,Communication Services,Entertainment,Nasdaq 100,1.4467189723052285,87.27272727272727,1.5365665598333809,1.5574118570143967,93.93939393939394,95.15151515151516,4.69,27.06999969482422,0.0071771580136646244,3,False,False,True,False,True,AI Scanner,"{'c': False, 'a': False, 'n': False, 's': False, 'l': False, 'i': True, 'm': True}",-1,False,"Warner Bros. Discovery, Inc.",Sideways,"Weakening, slipped below MA50 but holding MA200.",2,,,False,69858426880.0,20777600.0,25983370.0,True,92.12121212121212,93.33333333333333,False,False
23,OIH,8,unknown,unknown,Manual Tip,1.4124941594982843,86.66666666666667,1.3672735677943555,1.5638129794138613,80.60606060606061,60.60606060606061,16.66,437.239990234375,0.025169235223899408,7,True,False,False,False,True,AlphaCharts,"{'c': False, 'a': False, 'n': True, 's': True, 'l': False, 'i': True, 'm': True}",-1,True,VanEck Oil Services ETF,Upward,"Strong bull trend, trending above MA50 & MA200.",2,AlphaCharts 2-22-2026,2026-02-24,True,0.0,547900.0,722350.0,True,85.45454545454545,93.93939393939394,False,False
24,TXN,7,Technology,Semiconductors,Nasdaq 100,1.3932319261207393,86.06060606060606,1.142147696661182,1.0569280439328632,72.12121212121212,13.939393939393941,21.58,277.1400146484375,0.03526324229500331,6,False,False,False,False,True,AI Scanner,"{'c': False, 'a': True, 'n': True, 's': True, 'l': True, 'i': True, 'm': True}",-1,False,Texas Instruments Incorporated,Upward,"Strong bull trend, trending above MA50 & MA200.",2,,,False,192728039424.0,13939700.0,6627980.0,False,70.9090909090909,52.121212121212125,False,False
25,VLO,8,Energy,Oil & Gas Refining & Marketing,Manual Tip,1.3835821381100148,85.45454545454545,1.3327135337756681,1.619026166314069,77.57575757575758,74.54545454545455,23.1,235.85000610351562,0.04050093061096469,7,True,False,True,True,True,AlphaCharts,"{'c': True, 'a': False, 'n': False, 's': False, 'l': False, 'i': True, 'm': True}",-1,False,Valero Energy Corporation,Upward,"Strong bull trend, trending above MA50 & MA200.",2,AlphaCharts 2-22-2026,2026-02-24,False,61922213888.0,1665400.0,2269970.0,True,83.03030303030303,95.15151515151516,False,False
26,XPRO,8,Energy,Oil & Gas Equipment & Services,Manual Tip,1.3632022843765577,84.84848484848484,1.2528569173315733,1.5319122461033046,79.39393939393939,73.93939393939394,26.77,17.760000228881836,0.039092668498377975,6,True,False,True,False,True,AlphaCharts,"{'c': False, 'a': False, 'n': False, 's': True, 'l': False, 'i': True, 'm': True}",-1,True,Expro Group Holdings N.V.,Upward,"Strong bull trend, trending above MA50 & MA200.",2,AlphaCharts 2-22-2026,2026-02-24,False,2049467520.0,1417600.0,1183260.0,True,78.78787878787878,92.72727272727272,False,False
27,ASML,8,Technology,Semiconductor Equipment & Materials,Nasdaq 100,1.3583214718344128,84.24242424242424,1.3734510148612646,1.4646135053258065,89.0909090909091,87.87878787878788,21.28,1457.699951171875,0.041072548018882465,7,False,False,True,True,True,AI Scanner,"{'c': False, 'a': True, 'n': False, 's': False, 'l': False, 'i': True, 'm': True}",-1,False,ASML Holding N.V.,Upward,"Strong bull trend, trending above MA50 & MA200.",2,,,False,569575014400.0,1750700.0,1358350.0,True,86.06060606060606,90.30303030303031,False,False
28,AVGO,7,Technology,Semiconductors,Nasdaq 100,1.337742070027357,83.63636363636363,1.2597200890799027,1.085403189594984,68.48484848484848,91.51515151515152,19.66,422.760009765625,0.03162550659475513,6,False,False,False,False,True,AI Scanner,"{'c': True, 'a': True, 'n': True, 's': False, 'l': True, 'i': True, 'm': True}",-1,False,Broadcom Inc.,Upward,"Strong bull trend, trending above MA50 & MA200.",2,,,False,1515073961984.0,22459400.0,20950050.0,True,80.0,58.18181818181818,False,False
29,UFO,8,unknown,unknown,Manual Tip,1.3374835676201489,83.03030303030303,1.3965988746099727,1.4041644244365026,87.87878787878788,81.81818181818183,22.06,51.029998779296875,0.03574788230420407,6,True,False,True,False,True,AlphaCharts,"{'c': False, 'a': False, 'n': False, 's': True, 'l': False, 'i': True, 'm': True}",-1,True,Procure Space ETF,Upward,"Strong bull trend, trending above MA50 & MA200.",2,AlphaCharts 2-22-2026,2026-02-24,True,0.0,1104600.0,465880.0,False,86.66666666666667,87.27272727272727,False,False
30,ANET,8,Technology,Computer Hardware,Manual Tip,1.3228811563513303,82.42424242424242,1.2915267772522492,1.0623304363288852,73.93939393939394,84.24242424242424,25.06,176.91000366210938,0.036965120230314716,7,False,False,False,False,True,memory,"{'c': True, 'a': True, 'n': True, 's': True, 'l': True, 'i': True, 'm': True}",-1,False,"Arista Networks, Inc.",Upward,"Strong bull trend, trending above MA50 & MA200.",2,Test,2026-02-23,False,162158149632.0,7506000.0,9997750.0,True,81.81818181818183,53.939393939393945,False,False
31,TEVA,7,Healthcare,Drug Manufacturers - Specialty & Generic,Manual Tip,1.313436692451433,81.81818181818183,1.4084059437729848,1.398665960949741,92.12121212121212,69.6969696969697,19.92,30.639999389648438,0.028720644278334602,3,True,False,True,False,True,YourTube,"{'c': False, 'a': True, 'n': False, 's': True, 'l': True, 'i': True, 'm': True}",-1,False,Teva Pharmaceutical Industries Limited,Sideways,"Weakening, slipped below MA50 but holding MA200.",2,Alphacharts 2-28-2026,2026-03-02,False,37709996032.0,4826300.0,4191040.0,False,87.87878787878788,86.66666666666667,False,False
32,BKR,8,Energy,Oil & Gas Equipment & Services,Nasdaq 100,1.3032944990145934,81.21212121212122,1.201932645289304,1.406829934380619,76.96969696969697,56.36363636363636,21.39,68.94000244140625,0.03222264974879818,7,False,True,False,False,True,AI Scanner,"{'c': False, 'a': False, 'n': True, 's': True, 'l': False, 'i': True, 'm': True}",-1,True,Baker Hughes Company,Upward,"Strong bull trend, trending above MA50 & MA200.",2,,,False,64492314624.0,15502500.0,7254850.0,True,75.75757575757575,87.87878787878788,False,False
33,GOOGL,8,Communication Services,Internet Content & Information,Nasdaq 100,1.3000025422701245,80.60606060606061,1.3059000409333787,1.2171047019124384,87.27272727272727,89.6969696969697,14.4,344.3999938964844,0.023052519160420244,7,True,False,False,False,True,AI Scanner,"{'c': True, 'a': True, 'n': True, 's': True, 'l': True, 'i': True, 'm': True}",-1,False,Alphabet Inc.,Upward,"Strong bull trend, trending above MA50 & MA200.",2,,,False,3771360870400.0,26400000.0,35327630.0,True,82.42424242424242,75.15151515151514,False,False
34,SCCO,7,Basic Materials,Copper,Manual Tip,1.2894008339600904,80.0,1.4205432449793083,1.3525260613020467,92.72727272727272,90.9090909090909,24.9,180.42999267578125,0.044263302285224265,3,True,False,True,False,True,AlphaCharts,"{'c': True, 'a': True, 'n': False, 's': False, 'l': True, 'i': True, 'm': True}",-1,False,Southern Copper Corporation,Sideways,"Weakening, slipped below MA50 but holding MA200.",2,AlphaCharts 2-22-2026,2026-02-24,False,174043070464.0,1318900.0,1551606.0,False,88.48484848484848,83.63636363636363,False,False
35,GOOG,8,Communication Services,Internet Content & Information,Nasdaq 100,1.2852180342413821,79.39393939393939,1.2902918870587672,1.2084179313828627,86.66666666666667,89.0909090909091,14.15,342.32000732421875,0.022560355773842775,7,True,False,False,False,True,AI Scanner,"{'c': True, 'a': True, 'n': True, 's': True, 'l': False, 'i': True, 'm': True}",-1,False,Alphabet Inc.,Upward,"Strong bull trend, trending above MA50 & MA200.",2,,,False,3767368679424.0,18243400.0,21552930.0,True,81.21212121212122,73.93939393939394,False,False
36,ROST,8,Consumer Cyclical,Apparel Retail,Nasdaq 100,1.278743044159886,78.78787878787878,1.2861893823307342,1.4128065349878671,74.54545454545455,56.96969696969697,12.59,226.3699951171875,0.0197085755053112,7,True,False,True,False,True,AI Scanner,"{'c': False, 'a': True, 'n': True, 's': False, 'l': False, 'i': True, 'm': True}",-1,False,"Ross Stores, Inc.",Upward,"Strong bull trend, trending above MA50 & MA200.",2,,,False,66879528960.0,1042000.0,2268890.0,False,80.60606060606061,88.48484848484848,False,False
37,COPX,8,unknown,unknown,Manual Tip,1.2785582933308934,78.18181818181819,1.402328679969477,1.2849303347042347,93.33333333333333,88.48484848484848,17.36,82.37000274658203,0.03434850319895623,6,True,False,True,True,True,AlphaCharts,"{'c': False, 'a': False, 'n': False, 's': False, 'l': False, 'i': True, 'm': True}",-1,True,Global X Copper Miners ETF,Upward,"Strong bull trend, trending above MA50 & MA200.",2,AlphaCharts 2-22-2026,2026-02-24,True,0.0,2512100.0,4200980.0,False,87.27272727272727,81.81818181818183,False,False
38,MCHP,8,Technology,Semiconductors,Nasdaq 100,1.2562953586951866,77.57575757575758,1.1398602685667276,1.0209326484692869,80.0,38.78787878787879,23.53,89.44000244140625,0.034268773345278836,7,False,False,False,False,True,AI Scanner,"{'c': False, 'a': False, 'n': True, 's': True, 'l': False, 'i': True, 'm': True}",-1,False,Microchip Technology Incorporated,Upward,"Strong bull trend, trending above MA50 & MA200.",2,,,False,40390352896.0,11341200.0,7370320.0,False,70.3030303030303,46.666666666666664,False,False
39,SLV,6,unknown,unknown,Market Pulse,1.2541686766476166,76.96969696969697,1.365112633175287,1.388030014563096,96.36363636363636,83.03030303030303,18.38,68.79000091552734,0.03726664796115909,3,True,False,True,False,True,AI Scanner,"{'c': False, 'a': False, 'n': False, 's': False, 'l': False, 'i': True, 'm': True}",-1,True,iShares Silver Trust,Sideways,"Weakening, slipped below MA50 but holding MA200.",2,,,True,29019834368.0,16337300.0,68846860.0,True,84.84848484848484,85.45454545454545,False,False
40,ODFL,8,Industrials,Trucking,Nasdaq 100,1.2393490778434122,76.36363636363637,1.2288320150523986,1.1928370097274246,60.60606060606061,7.2727272727272725,20.59,219.97999572753906,0.03125933725865374,7,False,False,False,False,True,AI Scanner,"{'c': False, 'a': True, 'n': True, 's': False, 'l': False, 'i': True, 'm': True}",-1,False,"Old Dominion Freight Line, Inc.",Upward,"Strong bull trend, trending above MA50 & MA200.",2,,,False,42674642944.0,1530400.0,1961490.0,False,78.18181818181819,71.51515151515152,False,False
41,TAN,8,unknown,unknown,Market Pulse,1.2125288126092741,75.75757575757575,1.1695024755606969,1.329669341908536,84.24242424242424,78.78787878787878,16.49,58.31999969482422,0.025891631761058964,6,True,False,True,True,True,AlphaCharts,"{'c': False, 'a': False, 'n': True, 's': False, 'l': False, 'i': True, 'm': True}",-1,True,Invesco Solar ETF,Upward,"Strong bull trend, trending above MA50 & MA200.",2,AlphaCharts 2-22-2026,2026-02-24,True,0.0,903900.0,1652070.0,False,74.54545454545455,83.03030303030303,False,False
42,FANG,8,Energy,Oil & Gas E&P,Nasdaq 100,1.2106250117666724,75.15151515151514,1.144168696868474,1.3734480832291132,55.757575757575765,22.424242424242426,20.63,194.7899932861328,0.03559509128321068,7,True,False,True,False,True,AI Scanner,"{'c': False, 'a': False, 'n': True, 's': False, 'l': False, 'i': True, 'm': True}",-1,False,"Diamondback Energy, Inc.",Upward,"Strong bull trend, trending above MA50 & MA200.",2,,,False,49878376448.0,1733900.0,2548720.0,False,71.51515151515152,84.24242424242424,False,False
43,CSX,8,Industrials,Railroads,Nasdaq 100,1.186713479447035,74.54545454545455,1.14864699380861,1.1647380462514023,56.36363636363636,51.515151515151516,13.31,45.40999984741211,0.0208575747182693,7,False,False,False,False,True,AI Scanner,"{'c': False, 'a': True, 'n': True, 's': True, 'l': False, 'i': True, 'm': True}",-1,False,CSX Corporation,Upward,"Strong bull trend, trending above MA50 & MA200.",2,,,False,79384477696.0,18890400.0,11745390.0,False,72.12121212121212,67.87878787878789,False,False
44,TGT,8,Consumer Defensive,Discount Stores,Manual Tip,1.1864453686921634,73.93939393939394,1.159736795248961,1.2355015597254873,30.909090909090907,12.121212121212121,17.54,129.25999450683594,0.025634942098911772,7,False,False,False,False,True,AlphaCharts,"{'c': False, 'a': True, 'n': True, 's': False, 'l': False, 'i': True, 'm': True}",-1,False,Target Corporation,Upward,"Strong bull trend, trending above MA50 & MA200.",2,AlphaCharts 2-22-2026,2026-02-24,False,52492185600.0,3128500.0,5796860.0,False,73.33333333333333,77.57575757575758,False,False
45,GDX,7,unknown,unknown,Market Pulse,1.1815078487985837,73.33333333333333,1.253769409426131,1.2427888954947082,94.54545454545455,92.12121212121212,19.91,94.33999633789062,0.03590357645529799,3,True,False,True,False,True,AI Scanner,"{'c': False, 'a': False, 'n': False, 's': False, 'l': False, 'i': True, 'm': True}",-1,True,VanEck Gold Miners ETF,Sideways,"Weakening, slipped below MA50 but holding MA200.",2,,,True,0.0,16962000.0,21361030.0,True,79.39393939393939,78.18181818181819,False,False
46,MAR,8,Consumer Cyclical,Lodging,Nasdaq 100,1.1773217628429735,72.72727272727273,1.222417444798759,1.1575666972829755,65.45454545454545,26.666666666666668,15.81,367.1499938964844,0.026221274002899968,7,False,False,True,False,True,AI Scanner,"{'c': False, 'a': False, 'n': True, 's': False, 'l': False, 'i': True, 'm': True}",-1,False,"Marriott International, Inc.",Upward,"Strong bull trend, trending above MA50 & MA200.",2,,,False,90553180160.0,1148600.0,1839890.0,False,76.96969696969697,66.66666666666666,False,False
47,ICLN,8,unknown,unknown,Manual Tip,1.1736128209742727,72.12121212121212,1.1490760113562704,1.2456878914474725,81.21212121212122,81.21212121212122,13.77,19.989999771118164,0.023797612819509352,7,True,False,True,False,True,AlphaCharts,"{'c': False, 'a': False, 'n': True, 's': False, 'l': False, 'i': True, 'm': True}",-1,True,iShares Global Clean Energy ETF,Upward,"Strong bull trend, trending above MA50 & MA200.",2,AlphaCharts 2-22-2026,2026-02-24,True,0.0,5946800.0,4065420.0,False,72.72727272727273,78.78787878787878,False,False
48,XME,8,unknown,unknown,Market Pulse,1.1675302410358626,71.51515151515152,1.1634057231010335,1.2570157416587997,88.48484848484848,86.06060606060606,18.22,117.77999877929688,0.028339768739933012,7,True,False,True,True,True,AlphaCharts,"{'c': False, 'a': False, 'n': False, 's': False, 'l': False, 'i': True, 'm': True}",-1,True,State Street SPDR S&P Metals & Mining ETF,Upward,"Strong bull trend, trending above MA50 & MA200.",2,AlphaCharts 2-22-2026,2026-02-24,True,2088998912.0,1490700.0,2539520.0,True,73.93939393939394,81.21212121212122,False,False
49,CSCO,8,Technology,Communication Equipment,Nasdaq 100,1.1675129122633046,70.9090909090909,1.1390463553760863,1.1658295331144581,67.27272727272727,57.57575757575758,16.17,89.01000213623047,0.023159504276346124,7,True,False,False,False,True,AI Scanner,"{'c': True, 'a': True, 'n': True, 's': True, 'l': False, 'i': True, 'm': True}",-1,False,"Cisco Systems, Inc.",Upward,"Strong bull trend, trending above MA50 & MA200.",2,,,False,313953976320.0,18968700.0,24999780.0,True,69.6969696969697,68.48484848484848,False,False
50,XBI,8,unknown,unknown,Market Pulse,1.1566845952912463,70.3030303030303,1.2262668380228507,1.2161303106928307,78.78787878787878,73.33333333333333,14.57,133.27999877929688,0.02382737964805018,7,True,False,True,True,True,AI Scanner,"{'c': False, 'a': False, 'n': True, 's': False, 'l': False, 'i': True, 'm': True}",-1,True,State Street SPDR S&P Biotech ETF,Upward,"Strong bull trend, trending above MA50 & MA200.",2,,,True,0.0,6787300.0,9660400.0,False,77.57575757575758,74.54545454545455,False,False
51,NVDA,7,Technology,Semiconductors,Nasdaq 100,1.1551340753296022,69.6969696969697,1.1136561244892547,1.0533708980344658,69.0909090909091,79.39393939393939,17.06,208.27000427246094,0.02536198372773353,6,False,True,False,False,True,Weekly Analysis,"{'c': True, 'a': True, 'n': True, 's': True, 'l': False, 'i': True, 'm': True}",-1,False,NVIDIA Corporation,Upward,"Strong bull trend, trending above MA50 & MA200.",2,Tech Giants Watch,2026-02-21,False,4306603081728.0,213780100.0,206256740.0,True,67.87878787878789,51.515151515151516,False,False
52,XLE,7,unknown,unknown,Market Pulse,1.1449089818741727,69.0909090909091,1.131767976492738,1.386100325928027,63.63636363636363,37.57575757575757,13.79,56.869998931884766,0.0256977106727669,4,True,False,True,False,True,AI Scanner,"{'c': False, 'a': False, 'n': False, 's': False, 'l': False, 'i': True, 'm': True}",-1,True,State Street Energy Select Sector SPDR ETF,Sideways,"Weakening, slipped below MA50 but holding MA200.",2,,,True,10424829952.0,36412100.0,50060980.0,False,69.0909090909091,84.84848484848484,False,False
53,NEE,8,Utilities,Utilities - Regulated Electric,Manual Tip,1.1151254256256145,68.48484848484848,1.0610545899506494,1.2195174558143518,66.66666666666666,66.66666666666666,14.26,95.27999877929688,0.022512582392680468,7,False,False,True,False,True,AlphaCharts,"{'c': True, 'a': False, 'n': True, 's': True, 'l': False, 'i': True, 'm': True}",-1,False,"NextEra Energy, Inc.",Upward,"Strong bull trend, trending above MA50 & MA200.",2,AlphaCharts 2-22-2026,2026-02-24,False,199351386112.0,9761200.0,8324280.0,False,61.81818181818181,75.75757575757575,False,False
54,UTSL,7,unknown,unknown,Manual Tip,1.1092207517563788,67.87878787878789,1.0917722042250748,1.2279356146154299,33.33333333333333,68.48484848484848,29.53,49.22999954223633,0.04738690135384948,4,False,False,True,False,True,AlphaCharts,"{'c': False, 'a': False, 'n': False, 's': False, 'l': False, 'i': False, 'm': True}",-1,True,Direxion Daily Utilities Bull 3X Shares,Sideways,"Weakening, slipped below MA50 but holding MA200.",2,AlphaCharts 2-22-2026,2026-02-24,True,0.0,81000.0,184800.0,True,66.06060606060606,76.36363636363637,False,False
55,ROBO,8,unknown,unknown,Manual Tip,1.1050579263917433,67.27272727272727,1.1084957368794612,1.0801239048941549,69.6969696969697,61.212121212121204,10.7,79.98999786376953,0.02148484048000179,7,True,False,False,False,True,AlphaCharts,"{'c': False, 'a': False, 'n': True, 's': False, 'l': False, 'i': False, 'm': True}",-1,True,Robo Global Robotics and Automation Index ETF,Upward,"Strong bull trend, trending above MA50 & MA200.",2,AlphaCharts 2-22-2026,2026-02-24,True,1527265408.0,128900.0,174400.0,True,67.27272727272727,56.36363636363636,False,False
56,WMT,8,Consumer Defensive,Discount Stores,Nasdaq 100,1.1012546742042701,66.66666666666666,1.080223935351999,1.2028272640050406,62.42424242424243,34.54545454545455,15.28,129.9199981689453,0.022898712252747054,7,False,False,True,False,True,YourTube,"{'c': False, 'a': True, 'n': True, 's': False, 'l': False, 'i': True, 'm': True}",-1,False,Walmart Inc.,Upward,"Strong bull trend, trending above MA50 & MA200.",2,Alphacharts 2-28-2026,2026-03-02,False,1020126298112.0,16013000.0,28775400.0,False,64.24242424242425,72.72727272727273,False,False
57,XTN,8,unknown,unknown,Market Pulse,1.0951250764965572,66.06060606060606,1.1869234493690837,1.0815576989123667,67.87878787878789,33.939393939393945,24.65,104.94999694824219,0.04106037132331247,7,False,False,True,False,True,AI Scanner,"{'c': False, 'a': False, 'n': False, 's': False, 'l': False, 'i': False, 'm': True}",-1,True,State Street SPDR S&P Transportation ETF,Upward,"Strong bull trend, trending above MA50 & MA200.",2,,,True,0.0,30300.0,45620.0,False,75.15151515151514,57.57575757575758,False,False
58,XLK,7,unknown,unknown,Market Pulse,1.087898429106856,65.45454545454545,1.0561868261289387,0.9979661394932173,58.18181818181818,70.3030303030303,11.18,160.22000122070312,0.018862455746668567,6,True,False,False,False,True,AI Scanner,"{'c': False, 'a': False, 'n': True, 's': False, 'l': False, 'i': True, 'm': True}",-1,True,State Street Technology Select Sector SPDR ETF,Upward,"Strong bull trend, trending above MA50 & MA200.",2,,,True,37750489088.0,11051900.0,17755240.0,True,60.60606060606061,43.63636363636363,False,False
59,PCAR,8,Industrials,Farm & Heavy Construction Machinery,Nasdaq 100,1.0862038632773257,64.84848484848484,1.115043833940242,1.1329369543923296,75.15151515151514,30.909090909090907,15.27,127.0,0.024566942178492337,7,False,False,True,False,True,AI Scanner,"{'c': False, 'a': False, 'n': True, 's': True, 'l': False, 'i': True, 'm': True}",-1,False,PACCAR Inc,Upward,"Strong bull trend, trending above MA50 & MA200.",2,,,False,66310025216.0,2724300.0,3551850.0,True,68.48484848484848,64.84848484848484,False,False
60,AEP,8,Utilities,Utilities - Regulated Electric,Nasdaq 100,1.0857938791632413,64.24242424242425,1.064316832137712,1.1928956727855953,50.303030303030305,58.18181818181818,11.83,134.72999572753906,0.01821104521761908,7,False,False,True,False,True,AI Scanner,"{'c': False, 'a': False, 'n': True, 's': False, 'l': False, 'i': True, 'm': True}",-1,False,"American Electric Power Company, Inc.",Upward,"Strong bull trend, trending above MA50 & MA200.",2,,,False,72378089472.0,1904700.0,3531520.0,False,63.030303030303024,72.12121212121212,False,False
61,AMZN,6,Consumer Cyclical,Internet Retail,Nasdaq 100,1.0681369816111674,63.63636363636363,1.0278196136620106,0.9339227806302323,53.333333333333336,42.42424242424242,17.2,263.989990234375,0.027538922617302588,5,False,False,False,False,True,AI Scanner,"{'c': False, 'a': True, 'n': True, 's': True, 'l': False, 'i': True, 'm': True}",-1,False,"Amazon.com, Inc.",Sideways,Consolidating near Moving Averages.,2,,,False,2254333280256.0,53695200.0,52980810.0,True,55.757575757575765,31.515151515151512,False,False
62,IWM,8,unknown,unknown,Market Pulse,1.0556313068658167,63.030303030303024,1.052871141434967,1.0594314582828286,61.81818181818181,55.15151515151515,9.85,276.6499938964844,0.016526808153739827,7,True,False,True,False,True,AI Scanner,"{'c': False, 'a': False, 'n': True, 's': False, 'l': False, 'i': True, 'm': True}",-1,True,iShares Russell 2000 ETF,Upward,"Strong bull trend, trending above MA50 & MA200.",2,,,True,73469280256.0,21539000.0,37995160.0,True,60.0,53.333333333333336,False,False
63,REGN,7,Healthcare,Biotechnology,Nasdaq 100,1.0547006429307473,62.42424242424243,1.0874020461257958,1.1711950516526373,70.9090909090909,44.84848484848485,15.88,751.5700073242188,0.024378492191191894,3,False,False,True,False,True,AI Scanner,"{'c': False, 'a': False, 'n': False, 's': True, 'l': False, 'i': True, 'm': True}",-1,True,"Regeneron Pharmaceuticals, Inc.",Sideways,"Weakening, slipped below MA50 but holding MA200.",2,,,False,82638004224.0,809500.0,690680.0,False,65.45454545454545,69.0909090909091,False,False
64,FER,8,Industrials,Engineering & Construction,Nasdaq 100,1.0527407862939597,61.81818181818181,1.1017115671454625,1.1196404113441987,75.75757575757575,75.75757575757575,10.07,69.08999633789062,0.022331104729066957,6,True,False,True,False,True,AI Scanner,"{'c': False, 'a': False, 'n': False, 's': True, 'l': False, 'i': True, 'm': True}",-1,False,Ferrovial SE,Upward,"Strong bull trend, trending above MA50 & MA200.",2,,,False,53482098688.0,1372300.0,1217990.0,False,66.66666666666666,63.030303030303024,False,False
65,BEPC,7,Utilities,Utilities - Renewable,Manual Tip,1.047523100541354,61.212121212121204,1.082486750956414,1.1622039044430499,64.24242424242425,82.42424242424242,20.5,41.209999084472656,0.03292542550332596,4,False,False,True,False,True,AlphaCharts,"{'c': False, 'a': False, 'n': False, 's': False, 'l': False, 'i': True, 'm': True}",-1,True,Brookfield Renewable Corporation,Sideways,"Weakening, slipped below MA50 but holding MA200.",2,AlphaCharts 2-22-2026,2026-02-24,False,7811802624.0,929200.0,899970.0,True,64.84848484848484,67.27272727272727,False,False
66,QQQ,7,unknown,unknown,Market Pulse,1.0396618654340835,60.60606060606061,1.0250868522406416,0.9955081350160463,55.15151515151515,62.42424242424243,9.33,663.8800048828125,0.016050642593874603,6,True,False,False,False,True,AI Scanner,"{'c': False, 'a': False, 'n': True, 's': False, 'l': False, 'i': True, 'm': True}",-1,True,Invesco QQQ Trust,Upward,"Strong bull trend, trending above MA50 & MA200.",2,,,True,238725693440.0,45423700.0,67637450.0,True,54.54545454545454,43.03030303030303,False,False
67,IYT,8,unknown,unknown,Market Pulse,1.0369139076174902,60.0,1.0390335641234059,1.032694532577203,54.54545454545454,43.03030303030303,12.24,81.3499984741211,0.0208095641861195,7,False,False,True,False,True,AI Scanner,"{'c': False, 'a': False, 'n': True, 's': True, 'l': False, 'i': True, 'm': True}",-1,True,iShares Transportation Average ETF,Upward,"Strong bull trend, trending above MA50 & MA200.",2,,,True,226184000.0,1547200.0,647130.0,False,58.18181818181818,48.484848484848484,False,False
68,AAPL,7,Technology,Consumer Electronics,Nasdaq 100,1.029719382735303,59.3939393939394,1.04312114366194,1.0319782953974532,46.06060606060606,71.51515151515152,14.45,271.05999755859375,0.02289950272022405,6,False,False,True,True,True,Weekly Analysis,"{'c': False, 'a': True, 'n': False, 's': False, 'l': False, 'i': True, 'm': True}",-1,False,Apple Inc.,Upward,"Strong bull trend, trending above MA50 & MA200.",2,Tech Giants Watch,2026-02-21,False,3882897899520.0,38124500.0,44450050.0,False,58.78787878787879,47.878787878787875,False,False
69,EA,8,Communication Services,Electronic Gaming & Multimedia,Nasdaq 100,1.0215150494550471,58.78787878787879,1.024931832012332,1.15005923324841,71.51515151515152,80.0,2.72,202.6699981689453,0.003986076210999212,6,True,False,True,True,True,AI Scanner,"{'c': False, 'a': False, 'n': True, 's': False, 'l': False, 'i': True, 'm': True}",-1,False,Electronic Arts Inc.,Upward,"Strong bull trend, trending above MA50 & MA200.",2,,,False,50193387520.0,1125000.0,2199540.0,True,53.939393939393945,65.45454545454545,False,False
70,XLI,8,unknown,unknown,Market Pulse,1.0211675688662887,58.18181818181818,1.0275170301081753,1.080169642718936,56.96969696969697,50.303030303030305,10.23,172.47000122070312,0.017825030632212517,7,True,False,True,True,True,AI Scanner,"{'c': False, 'a': False, 'n': True, 's': False, 'l': False, 'i': True, 'm': True}",-1,True,State Street Industrial Select Sector SPDR ETF,Upward,"Strong bull trend, trending above MA50 & MA200.",2,,,True,23387637760.0,7665200.0,9731400.0,False,55.15151515151515,56.96969696969697,False,False
71,MAGS,7,unknown,unknown,Market Pulse,1.0178893252054722,57.57575757575758,1.031043183979106,0.953782718421162,60.0,69.0909090909091,12.54,66.56999969482422,0.02102726730457087,6,False,False,False,False,True,AI Scanner,"{'c': False, 'a': False, 'n': True, 's': False, 'l': False, 'i': True, 'm': True}",-1,True,Roundhill Magnificent Seven ETF,Sideways,Consolidating near Moving Averages.,2,,,True,0.0,4338800.0,4637270.0,True,56.36363636363636,35.15151515151515,False,False
72,XLB,8,unknown,unknown,Market Pulse,1.0173538172353456,56.96969696969697,1.0335708354429272,1.1028973678634701,58.78787878787879,27.27272727272727,9.21,51.91999816894531,0.014761705476223574,7,True,False,True,True,True,AI Scanner,"{'c': False, 'a': False, 'n': True, 's': False, 'l': False, 'i': True, 'm': True}",-1,True,State Street Materials Select Sector SPDR ETF,Upward,"Strong bull trend, trending above MA50 & MA200.",2,,,True,3695439616.0,7419500.0,11922170.0,True,57.57575757575758,61.212121212121204,False,False
73,LIN,7,Basic Materials,Specialty Chemicals,Nasdaq 100,1.0163154944818669,56.36363636363636,0.9939952689385622,1.1055753333670961,30.303030303030305,18.787878787878785,12.26,510.29998779296875,0.01899721633136857,6,True,False,True,False,True,AI Scanner,"{'c': False, 'a': True, 'n': True, 's': False, 'l': False, 'i': True, 'm': True}",-1,False,Linde plc,Upward,"Strong bull trend, trending above MA50 & MA200.",2,,,False,235441291264.0,1486800.0,2897510.0,True,49.09090909090909,61.81818181818181,False,False
74,MNST,8,Consumer Defensive,Beverages - Non-Alcoholic,Nasdaq 100,1.0129329789217476,55.757575757575765,1.0053001877878323,1.0579010633189883,78.18181818181819,64.84848484848484,14.94,78.2300033569336,0.022169066823843807,6,False,False,True,False,True,AI Scanner,"{'c': True, 'a': True, 'n': False, 's': False, 'l': False, 'i': True, 'm': True}",-1,False,Monster Beverage Corporation,Upward,"Strong bull trend, trending above MA50 & MA200.",2,,,False,83339911168.0,4200800.0,7360660.0,True,50.90909090909091,52.72727272727272,False,False
75,INSM,4,Healthcare,Biotechnology,Nasdaq 100,1.0124375366084393,55.15151515151515,1.0596868878361485,1.1848481602096474,83.03030303030303,96.36363636363636,24.09,135.1699981689453,0.039611522794399896,2,True,False,True,False,True,AI Scanner,"{'c': True, 'a': False, 'n': False, 's': True, 'l': False, 'i': True, 'm': True}",-1,True,Insmed Incorporated,Downward,"Bearish posture, trading below major MAs.",1,,,False,31848128512.0,2500900.0,2723070.0,False,61.212121212121204,70.3030303030303,False,False
76,MDY,8,unknown,unknown,Market Pulse,1.0118980393444135,54.54545454545454,1.0170679667057088,1.0433656637674549,53.939393939393945,39.39393939393939,8.56,664.469970703125,0.014267007276994897,7,True,False,True,True,True,AI Scanner,"{'c': False, 'a': False, 'n': True, 's': False, 'l': False, 'i': True, 'm': True}",-1,True,State Street SPDR S&P MIDCAP 400 ETF Trust,Upward,"Strong bull trend, trending above MA50 & MA200.",2,,,True,36176084992.0,579200.0,924840.0,True,52.121212121212125,50.303030303030305,False,False
77,NXPI,5,Technology,Semiconductors,Nasdaq 100,1.0105434252469365,53.939393939393945,0.9025698099754896,0.8950758529868471,57.57575757575758,20.606060606060606,20.75,244.0399932861328,0.02981068937924279,4,False,False,False,False,True,AI Scanner,"{'c': False, 'a': True, 'n': True, 's': True, 'l': False, 'i': True, 'm': True}",-1,False,NXP Semiconductors N.V.,Sideways,Consolidating near Moving Averages.,3,,,False,57363800064.0,3578800.0,2249590.0,True,31.515151515151512,26.060606060606062,False,False
78,NRG,5,Utilities,Utilities - Independent Power Producers,Manual Tip,1.0104324405328315,53.333333333333336,1.062307805470553,1.0091689683405731,50.90909090909091,75.15151515151514,26.82,159.80999755859375,0.04179963279714762,3,True,False,True,False,True,AlphaCharts,"{'c': False, 'a': True, 'n': False, 's': False, 'l': False, 'i': True, 'm': True}",-1,True,"NRG Energy, Inc.",Sideways,"Weakening, slipped below MA50 but holding MA200.",2,AlphaCharts 2-22-2026,2026-02-24,False,39730126848.0,1985600.0,2097690.0,True,62.42424242424243,45.45454545454545,False,False
79,AES,7,Utilities,Utilities - Diversified,Manual Tip,1.0060097671795207,52.72727272727272,1.0077982372021876,1.1169070244365518,73.33333333333333,72.12121212121212,3.59,14.489999771118164,0.005077401442322655,4,True,False,True,False,True,AlphaCharts,"{'c': True, 'a': False, 'n': False, 's': True, 'l': False, 'i': True, 'm': True}",-1,False,The AES Corporation,Sideways,"Weakening, slipped below MA50 but holding MA200.",2,AlphaCharts 2-22-2026,2026-02-24,False,11586208768.0,18136500.0,8510820.0,False,51.515151515151516,62.42424242424243,False,False
80,AMGN,7,Healthcare,Drug Manufacturers - General,Nasdaq 100,1.0028480619285616,52.121212121212125,1.0517833118861273,1.1734870366830399,66.06060606060606,31.515151515151512,14.72,344.54998779296875,0.02205983113213924,3,False,False,True,False,True,AI Scanner,"{'c': True, 'a': True, 'n': False, 's': False, 'l': False, 'i': True, 'm': True}",-1,False,Amgen Inc.,Sideways,"Weakening, slipped below MA50 but holding MA200.",2,,,False,209244504064.0,2201200.0,2663620.0,False,59.3939393939394,69.6969696969697,False,False
81,MOO,6,unknown,unknown,Manual Tip,0.9972321227523149,51.515151515151516,1.0311958528714544,1.155685235608894,61.212121212121204,35.15151515151515,7.76,82.1500015258789,0.012025049303161856,3,True,False,True,False,True,AlphaCharts,"{'c': False, 'a': False, 'n': False, 's': False, 'l': False, 'i': False, 'm': True}",-1,True,VanEck Agribusiness ETF,Sideways,"Weakening, slipped below MA50 but holding MA200.",2,AlphaCharts 2-22-2026,2026-02-24,True,958496000.0,275500.0,298030.0,False,56.96969696969697,66.06060606060606,False,False
82,XLU,7,unknown,unknown,Market Pulse,0.9948160336845954,50.90909090909091,0.9826474871198942,1.0981011930861229,38.18181818181819,52.72727272727272,10.56,46.18000030517578,0.016503734275407547,5,False,False,True,False,True,AI Scanner,"{'c': False, 'a': False, 'n': True, 's': True, 'l': False, 'i': True, 'm': True}",-1,True,State Street Utilities Select Sector SPDR ETF,Upward,"Strong bull trend, trending above MA50 & MA200.",2,,,True,7793068032.0,24156400.0,30983130.0,True,43.63636363636363,60.60606060606061,False,False
83,PEP,7,Consumer Defensive,Beverages - Non-Alcoholic,Nasdaq 100,0.9899062103872658,50.303030303030305,0.9868652666244797,1.086346812551632,41.21212121212121,46.666666666666664,13.26,155.44000244140625,0.020140975793991878,3,False,False,True,False,True,AI Scanner,"{'c': True, 'a': True, 'n': False, 's': False, 'l': False, 'i': True, 'm': True}",-1,False,"PepsiCo, Inc.",Sideways,"Weakening, slipped below MA50 but holding MA200.",2,,,False,232092319744.0,5364900.0,7399470.0,False,46.666666666666664,58.78787878787879,False,False
85,KO,6,Consumer Defensive,Beverages - Non-Alcoholic,Manual Tip,0.9844073114416185,49.09090909090909,0.9841494205577079,1.088709360900292,43.03030303030303,30.303030303030305,11.31,76.62999725341797,0.01689006148901647,4,False,False,True,False,True,AlphaCharts,"{'c': False, 'a': True, 'n': False, 's': False, 'l': False, 'i': True, 'm': True}",-1,False,The Coca-Cola Company,Sideways,"Weakening, slipped below MA50 but holding MA200.",2,AlphaCharts 2-22-2026,2026-02-24,False,347225882624.0,12004300.0,19948880.0,True,45.45454545454545,60.0,False,False
86,QQQE,7,unknown,unknown,Market Pulse,0.9822240064536716,48.484848484848484,0.9743126736595256,0.9873811514544443,46.666666666666664,47.878787878787875,6.85,108.83999633789062,0.012725101093386364,6,True,False,True,False,True,AI Scanner,"{'c': False, 'a': False, 'n': True, 's': False, 'l': False, 'i': False, 'm': True}",-1,True,Direxion NASDAQ-100 Equal Weighted Index Shares,Upward,"Strong bull trend, trending above MA50 & MA200.",2,,,True,0.0,160500.0,304210.0,True,42.42424242424242,41.21212121212121,False,False
90,RSP,7,unknown,unknown,Market Pulse,0.972341718586439,46.06060606060606,0.9838732693311782,1.0275828446616142,49.09090909090909,40.60606060606061,6.59,202.02999877929688,0.011076850949140255,7,True,False,True,True,True,AI Scanner,"{'c': False, 'a': False, 'n': True, 's': False, 'l': False, 'i': True, 'm': True}",-1,True,Invesco S&P 500 Equal Weight ETF,Upward,"Strong bull trend, trending above MA50 & MA200.",2,,,True,31883696128.0,8816300.0,21584180.0,False,44.24242424242424,47.27272727272727,False,False
91,DIA,7,unknown,unknown,Market Pulse,0.970658494124138,45.45454545454545,0.9740875318564657,1.0015218937384278,52.121212121212125,50.90909090909091,6.81,492.2099914550781,0.012211062089103702,7,True,False,True,True,True,AI Scanner,"{'c': False, 'a': False, 'n': True, 's': False, 'l': False, 'i': True, 'm': True}",-1,True,State Street SPDR Dow Jones Industrial Average ETF Trust,Upward,"Strong bull trend, trending above MA50 & MA200.",2,,,True,39954444288.0,3370300.0,6806970.0,False,41.81818181818181,44.24242424242424,False,False
94,XLRE,7,unknown,unknown,Market Pulse,0.9658060538376563,43.63636363636363,0.9729256795443415,0.9934339012379693,27.27272727272727,28.484848484848484,8.62,43.83000183105469,0.013213391627166938,7,True,False,True,True,True,AI Scanner,"{'c': False, 'a': False, 'n': True, 's': False, 'l': False, 'i': True, 'm': True}",-1,True,State Street Real Estate Select Sector SPDR ETF,Upward,"Strong bull trend, trending above MA50 & MA200.",2,,,True,0.0,3581000.0,5749670.0,False,41.21212121212121,42.42424242424242,False,False
97,XLC,6,unknown,unknown,Market Pulse,0.950504138801719,41.81818181818181,0.9927340018582549,0.972430429052128,49.696969696969695,53.333333333333336,8.02,115.54000091552734,0.01324218484432929,5,True,False,True,True,True,AI Scanner,"{'c': False, 'a': False, 'n': True, 's': False, 'l': False, 'i': True, 'm': True}",-1,True,State Street Communication Services Select Sector SPDR ETF,Upward,"Strong bull trend, trending above MA50 & MA200.",2,,,True,0.0,4857700.0,5065420.0,False,48.484848484848484,38.78787878787879,False,False
98,XRT,7,unknown,unknown,Market Pulse,0.9425927839511978,41.21212121212121,0.9571993740546065,0.9797453485192993,52.72727272727272,43.63636363636363,12.9,85.79000091552734,0.020240439312253534,6,True,False,True,True,True,AI Scanner,"{'c': False, 'a': False, 'n': False, 's': False, 'l': False, 'i': True, 'm': True}",-1,True,State Street SPDR S&P Retail ETF,Sideways,Consolidating near Moving Averages.,2,,,True,1014964736.0,3461300.0,4251190.0,False,39.39393939393939,40.0,False,False
100,XLY,6,unknown,unknown,Market Pulse,0.9379359542853064,40.0,0.9596480381249306,0.9470858586256355,47.878787878787875,49.09090909090909,11.18,118.69000244140625,0.01946248100709365,6,True,False,True,True,True,AI Scanner,"{'c': False, 'a': False, 'n': True, 's': False, 'l': False, 'i': True, 'm': True}",-1,True,State Street Consumer Discretionary Select Sector SPDR ETF,Sideways,Consolidating near Moving Averages.,2,,,True,14211500032.0,5546000.0,8888370.0,True,40.0,32.72727272727273,False,False
102,XLP,6,unknown,unknown,Market Pulse,0.9345567751461636,38.78787878787879,0.9260143016257075,1.036666007579527,40.60606060606061,21.21212121212121,9.69,83.2300033569336,0.014297744845562482,4,True,False,True,False,True,AI Scanner,"{'c': False, 'a': False, 'n': False, 's': False, 'l': False, 'i': True, 'm': True}",-1,True,State Street Consumer Staples Select Sector SPDR ETF,Sideways,"Weakening, slipped below MA50 but holding MA200.",2,,,True,17036541952.0,10851400.0,14239090.0,False,35.75757575757576,49.696969696969695,False,False
103,DG,6,Consumer Defensive,Discount Stores,Manual Tip,0.9339625393849363,38.18181818181819,0.976554653171161,1.0679560004386808,85.45454545454545,54.54545454545454,21.77,120.70999908447266,0.031521827430023394,3,True,False,True,False,True,YourTube,"{'c': True, 'a': True, 'n': False, 's': False, 'l': False, 'i': True, 'm': True}",-1,False,Dollar General Corporation,Sideways,"Weakening, slipped below MA50 but holding MA200.",2,Alphacharts 2-28-2026,2026-03-02,False,26770710528.0,1850400.0,3169350.0,False,43.03030303030303,55.15151515151515,False,False
106,XHB,5,unknown,unknown,Market Pulse,0.9219111365293449,36.36363636363637,0.9152177786283255,0.9479296111209232,44.84848484848485,33.33333333333333,16.35,108.44999694824219,0.027846939075572022,4,False,False,True,False,True,AI Scanner,"{'c': False, 'a': False, 'n': False, 's': True, 'l': False, 'i': True, 'm': True}",-1,True,State Street SPDR S&P Homebuilders ETF,Sideways,Consolidating near Moving Averages.,2,,,True,0.0,2040100.0,2390000.0,False,33.939393939393945,33.33333333333333,False,False
107,TSLA,5,Consumer Cyclical,Auto Manufacturers,Nasdaq 100,0.9217596529577132,35.75757575757576,0.9843927157826838,0.9588027666427233,63.030303030303024,78.18181818181819,28.14,376.29998779296875,0.040526183030909886,2,False,False,True,False,True,Weekly Analysis,"{'c': False, 'a': False, 'n': False, 's': False, 'l': False, 'i': True, 'm': True}",-1,False,"Tesla, Inc.",Downward,"Bearish posture, trading below major MAs.",1,Tech Giants Watch,2026-02-21,False,1510391414784.0,62753700.0,55939870.0,True,46.06060606060606,36.36363636363637,False,False
108,META,4,Communication Services,Internet Content & Information,Nasdaq 100,0.9216228731139441,35.15151515151515,0.9838860479239523,0.7978886156624957,23.636363636363637,19.393939393939394,17.49,675.030029296875,0.029281227464820644,4,True,False,True,False,True,memory,"{'c': True, 'a': True, 'n': False, 's': False, 'l': False, 'i': True, 'm': True}",-1,False,"Meta Platforms, Inc.",Sideways,"Recovering, trading above MA50 but below MA200.",4,Test,2026-02-23,False,1639607173120.0,13333400.0,12026010.0,True,44.84848484848485,16.363636363636363,False,False
111,FDN,3,unknown,unknown,Market Pulse,0.9048919872250366,33.33333333333333,0.9183585897548457,0.8769449074944022,28.484848484848484,46.06060606060606,12.06,263.1499938964844,0.01981215946052482,4,True,False,True,False,True,AI Scanner,"{'c': False, 'a': False, 'n': False, 's': True, 'l': False, 'i': True, 'm': True}",-1,True,First Trust Dow Jones Internet Index Fund,Sideways,"Recovering, trading above MA50 but below MA200.",4,,,True,0.0,1333600.0,1136820.0,True,34.54545454545455,24.242424242424242,False,False
112,XLF,5,unknown,unknown,Market Pulse,0.8954415979893567,32.72727272727273,0.9095911750393133,0.9183133540665951,36.36363636363637,36.96969696969697,8.76,51.41999816894531,0.01489138360814967,6,True,False,True,True,True,AI Scanner,"{'c': False, 'a': False, 'n': False, 's': False, 'l': False, 'i': True, 'm': True}",-1,True,State Street Financial Select Sector SPDR ETF,Sideways,"Recovering, trading above MA50 but below MA200.",1,,,True,45435576320.0,27220800.0,60526440.0,False,33.33333333333333,30.303030303030305,False,False
113,XLV,5,unknown,unknown,Market Pulse,0.8918326842019618,32.121212121212125,0.9308233284784004,1.0087868617592577,51.515151515151516,41.81818181818181,9.42,144.17999267578125,0.015298340591864338,3,False,False,True,False,True,AI Scanner,"{'c': False, 'a': False, 'n': False, 's': False, 'l': False, 'i': True, 'm': True}",-1,True,State Street Health Care Select Sector SPDR ETF,Downward,"Bearish posture, trading below major MAs.",1,,,True,29172017152.0,7963400.0,8685110.0,False,36.36363636363637,44.84848484848485,False,False
114,ITB,4,unknown,unknown,Market Pulse,0.8895412325688924,31.515151515151512,0.8774655382930503,0.9177110760995015,40.0,32.121212121212125,16.36,99.5,0.02748025755871994,4,False,False,True,False,True,AI Scanner,"{'c': False, 'a': False, 'n': False, 's': False, 'l': False, 'i': True, 'm': True}",-1,True,iShares U.S. Home Construction ETF,Sideways,"Recovering, trading above MA50 but below MA200.",1,,,True,0.0,1534700.0,2336670.0,False,26.666666666666668,29.6969696969697,False,False
116,IBUY,3,unknown,unknown,Market Pulse,0.8762823211011033,30.303030303030305,0.9010849976801621,0.8582799830829275,34.54545454545455,40.0,10.51,69.25,0.020660136765336914,4,True,False,True,False,True,AI Scanner,"{'c': False, 'a': False, 'n': False, 's': True, 'l': False, 'i': False, 'm': True}",-1,True,Amplify Online Retail ETF,Sideways,"Recovering, trading above MA50 but below MA200.",4,,,True,512233824.0,21700.0,23580.0,True,30.909090909090907,23.03030303030303,False,False
118,QCOM,4,Technology,Semiconductors,Nasdaq 100,0.8668239333276584,29.09090909090909,0.7965931167027134,0.7837152633390684,18.787878787878785,60.0,17.81,148.85000610351562,0.028110746278719862,4,False,True,False,False,True,memory,"{'c': False, 'a': True, 'n': False, 's': True, 'l': False, 'i': True, 'm': True}",-1,False,QUALCOMM Incorporated,Sideways,"Recovering, trading above MA50 but below MA200.",4,Test,2026-02-23,False,152046911488.0,29412300.0,10001460.0,True,15.151515151515152,15.151515151515152,False,False
121,STNE,3,Technology,Software - Infrastructure,Manual Tip,0.8607065858865869,27.27272727272727,0.9434928105049847,0.9507316303676209,64.84848484848484,92.72727272727272,33.44,12.220000267028809,0.049553875479438715,3,False,False,True,False,True,AlphaCharts,"{'c': True, 'a': False, 'n': False, 's': True, 'l': False, 'i': True, 'm': True}",-1,True,StoneCo Ltd.,Downward,"Bearish posture, trading below major MAs.",4,AlphaCharts 2-22-2026,2026-02-24,False,4569316864.0,9369800.0,4788530.0,True,38.18181818181819,34.54545454545455,False,False
131,MSFT,3,Technology,Software - Infrastructure,Nasdaq 100,0.8179479753161609,21.21212121212121,0.8254687365884024,0.7719146317926453,32.72727272727273,58.78787878787879,16.67,424.6199951171875,0.026363073124279938,4,False,False,True,False,True,Weekly Analysis,"{'c': True, 'a': True, 'n': False, 's': False, 'l': False, 'i': True, 'm': True}",-1,False,Microsoft Corporation,Sideways,"Recovering, trading above MA50 but below MA200.",4,Tech Giants Watch,2026-02-21,False,2918992052224.0,27413900.0,35807370.0,True,20.0,12.727272727272727,False,False
140,GPN,2,Industrials,Specialty Business Services,Market Pulse,0.7799359907273863,15.757575757575756,0.8270488707093744,0.830729099483496,12.121212121212121,15.757575757575756,23.38,67.76000213623047,0.0362097491826976,0,True,False,True,False,True,AI Scanner,"{'c': False, 'a': False, 'n': False, 's': False, 'l': False, 'i': True, 'm': True}",-1,False,Global Payments Inc.,Downward,"Bearish posture, trading below major MAs.",4,,,False,21409697792.0,1519400.0,5309850.0,False,20.606060606060606,19.393939393939394,False,False
142,IGV,2,unknown,unknown,Market Pulse,0.744846952368473,14.545454545454545,0.7532829674273946,0.7422702558380587,16.363636363636363,47.27272727272727,21.68,85.19999694824219,0.03628437318035928,4,False,False,True,False,True,AI Scanner,"{'c': False, 'a': False, 'n': False, 's': False, 'l': False, 'i': True, 'm': True}",-1,True,iShares Expanded Tech-Software Sector ETF,Sideways,"Recovering, trading above MA50 but below MA200.",4,,,True,1019625024.0,21731200.0,30353430.0,True,12.121212121212121,10.303030303030303,False,False
145,ETHA,3,unknown,unknown,Market Pulse,0.7327874355935892,12.727272727272727,0.7469773662907959,0.7393533957166827,24.242424242424242,76.96969696969697,20.04,17.520000457763672,0.041964289407985064,4,True,False,False,False,True,AI Scanner,"{'c': False, 'a': False, 'n': False, 's': False, 'l': False, 'i': True, 'm': True}",-1,True,iShares Ethereum Trust ETF,Sideways,"Recovering, trading above MA50 but below MA200.",4,,,True,0.0,16972000.0,33780050.0,True,11.515151515151516,9.696969696969697,False,False
147,IBIT,2,unknown,unknown,Market Pulse,0.7173731683189957,11.515151515151516,0.6966706256854736,0.7188963549483368,10.909090909090908,38.18181818181819,16.84,44.02000045776367,0.031115736544634773,4,False,False,False,False,True,AI Scanner,"{'c': False, 'a': False, 'n': False, 's': False, 'l': False, 'i': True, 'm': True}",-1,True,iShares Bitcoin Trust ETF,Sideways,"Recovering, trading above MA50 but below MA200.",4,,,True,0.0,28410600.0,61168450.0,False,9.090909090909092,7.878787878787878,False,False
149,SMCI,3,Technology,Computer Hardware,Manual Tip,0.6964332977535026,10.303030303030303,0.6658707971809023,0.5971089278398648,1.2121212121212122,24.848484848484848,36.06,29.079999923706055,0.05546275809490578,3,True,False,True,False,True,Breakout Scanner,"{'c': True, 'a': False, 'n': False, 's': True, 'l': False, 'i': True, 'm': True}",-1,False,"Super Micro Computer, Inc.",Sideways,"Recovering, trading above MA50 but below MA200.",4,High Growth Breakouts,2026-02-21,False,19401267200.0,38445100.0,25473270.0,True,6.0606060606060606,3.6363636363636362,False,False
150,CAG,1,Consumer Defensive,Packaged Foods,Manual Tip,0.6894874418615474,9.696969696969697,0.7423959320837521,0.822618260136216,19.393939393939394,9.090909090909092,19.02,14.170000076293945,0.03049703151444115,0,True,False,True,False,True,YourTube,"{'c': True, 'a': False, 'n': False, 's': False, 'l': False, 'i': True, 'm': True}",-1,True,"Conagra Brands, Inc.",Downward,"Bearish posture, trading below major MAs.",4,Alphacharts 2-28-2026,2026-03-02,False,6741179392.0,12532500.0,16417730.0,False,10.909090909090908,18.787878787878785,False,False
